0,0,0,0,0,0,0,0,0,0
-9.5485,-3.929,-6.1472,-7.0434,10.073,1.0464,1.7872,4.0798,0,0
0,0,0,0,0,0,0.16078,-1.3907,1.5291,-1.8217
0,0,0,0,0,0,0,0,2.2861,0.4673
0,0,0,0,0,0,0,0,0.16287,-1.4721
0,0,0,0,0,0,0,0,1.0109,0.56002
0,0,0.50477,5.6265,0,0,-2.4797,-2.8597,0,0
6.5019,-5.7149,-9.5495,-1.32,-7.834,-1.2065,-2.6565,-0.88025,7.7622,8.6659
0,0,0,0,0.35044,1.4236,-0.20017,-2.6299,0,0
0,0,0,0,0,0,0,0,0,0
0,0,3.4645,1.5104,0,0,0,0,-0.24088,-1.9498
-2.967,1.0145,0,0,0,0,-0.31396,0.52089,0,0
4.8163,-2.1681,2.2552,3.016,2.7977,2.2161,0,0,0,0
0,0,0,0,0,0,0,0,0,0
-2.1468,-0.66146,4.1212,11.15,0,0,-3.2214,-8.4718,-2.0846,-2.8969
0,0,0,0,-0.95937,2.0364,0,0,0,0
0,0,0,0,-0.1179,-2.3119,0,0,0,0
0.43231,1.2125,2.4926,7.6125,0,0,-1.5456,-5.9544,0,0
0.12273,0.46774,0,0,-0.45227,0.54249,-0.30381,0.75091,-2.1853,1.3943
0,0,0,0,0,0,1.4897,-0.95742,0.38982,1.3101
0,0,0,0,0,0,0,0,0,0
0,0,-1.9435,-6.3604,-1.2437,-0.35562,0.52897,5.8223,0,0
0,0,3.2895,-0.050809,0,0,-0.89677,0.30071,0,0
-2.3096,3.778,0,0,1.5885,-2.0737,0,0,-1.342,1.2248
0,0,-0.84257,-1.227,-1.1851,1.7073,0,0,0,0
0,0,1.9625,1.8031,0,0,0,0,0,0
-2.6169,1.9184,0,0,2.8057,1.0069,2.4662,-0.016222,-3.0778,-3.4518
0,0,0,0,0,0,0,0,-1.2676,-1.3053
5.8843,-3.8785,-1.5771,5.3359,-2.4806,3.0195,2.3977,-3.8897,1.3966,4.1979
0,0,0,0,0,0,0,0,0,0
0,0,0,0,0,0,0,0,0,0
0,0,-2.7319,-9.5555,0,0,3.2835,6.7734,0,0
0,0,0,0,-1.5604,-0.31007,0,0,0,0
0,0,0,0,0,0,0,0,0,0
1.3511,0.029511,0,0,-1.8709,0.042708,0,0,0,0
0,0,0,0,0,0,0,0,0,0
0,0,0,0,0,0,-1.915,-4.232,0,0
0,0,0,0,-1.1493,0.65055,0,0,0.28022,0.7275
0,0,0,0,0,0,0,0,0,0
-2.9123,-0.27562,0.56506,-3.5282,0,0,0.56962,-2.3204,0,0
13.771,1.5422,1.5342,14.051,0,0,1.2981,14.787,-2.8389,0.81521
-1.0038,-0.26956,0.33115,-0.98527,0,0,0,0,0,0
-1.8663,2.7407,0,0,0,0,0,0,0,0
-1.2655,2.2099,0,0,0,0,0,0,0,0
0,0,-2.8647,-5.4693,0,0,-0.059219,-5.5277,3.718,0.39759
0,0,0.16048,0.10477,0,0,0,0,-1.667,-0.48885
0,0,0,0,0,0,-0.70099,-0.49958,1.3504,-0.42896
0,0,0,0,0,0,0.99658,-1.8854,0,0
0,0,0,0,0,0,0,0,-0.80247,-2.6775
0,0,1.9162,9.2757,0,0,-2.7896,-7.3719,-1.3097,-2.7829
2.9201,-3.7689,-4.5389,-0.97935,-2.5633,0.57818,0,0,4.1837,3.5472
0,0,0,0,0,0,2.0088,-0.68278,0,0
0,0,0,0,0,0,0.58421,-0.76307,0,0
0,0,-1.2626,0.24246,0,0,0,0,0,0
0,0,0,0,0,0,0,0,0,0
0,0,0,0,0,0,-0.86308,-1.1796,0,0
3.8835,-2.2865,-4.9405,-1.8424,-4.9081,-1.2923,0,0,4.4704,3.328
-6.7076,-4.5784,-4.9078,-6.5076,7.656,1.7451,0,0,2.4637,-2.2911
0,0,0,0,0,0,0,0,0,0
-6.7582,-1.7793,-4.194,-5.763,2.8907,-1.4001,0,0,0,0
-8.4918,6.4165,-0.97045,-7.6034,-0.29553,-6.0246,-4.171,4.8544,0,0
0,0,0,0,0,0,0,0,0,0
0,0,0,0,0,0,0,0,0.67946,-1.6455
0.44387,1.0109,-0.98331,-0.41187,0,0,0,0,0,0
-4.3193,-3.0186,-4.141,-3.5021,4.7339,0.40637,1.1346,3.8612,0,0
2.5705,2.5024,-2.0498,-5.9849,0,0,2.1271,5.0028,-0.24649,2.2986
0,0,0,0,2.6976,0.50734,0,0,0.64634,-1.2104
0,0,-0.95865,-5.9524,0,0,0,0,0.51892,2.6866
0,0,-1.9105,-1.6077,0,0,0,0,0,0
2.0686,-0.67963,0,0,0,0,0,0,0,0
-1.6719,-0.074304,2.9411,10.245,-1.0621,-1.52,-3.3343,-6.6607,0,0
0,0,4.3938,6.7932,-1.7837,-0.012728,0,0,0,0
0,0,0,0,1.6845,-1.157,1.573,0.58099,-0.29927,0.96298
7.086,-7.3033,-13.548,-3.5399,-6.324,-2.7145,0,0,9.9741,10.492
0,0,0,0,0,0,0,0,0,0
0,0,0,0,0,0,0,0,0,0
-7.0809,-0.14143,0,0,4.4613,1.4545,1.9236,1.2957,0,0
0,0,0,0,0,0,0,0,0,0
-2.0571,-0.54855,0,0,0,0,-0.25361,-4.7757,0,0
-3.3872,-0.16749,2.4014,0.50198,0.34153,-0.10804,0,0,0,0
6.8781,2.1246,7.3147,18.726,-8.1036,-1.3016,-4.1351,-12.274,0,0
-6.2897,0.87116,-1.0653,-3.892,7.7906,1.0279,0,0,-2.4867,-3.2598
2.9108,-3.2371,-5.9438,-1.3165,0,0,0,0,1.4799,5.6782
0,0,0,0,0,0,0,0,0,0
0,0,-2.3684,-9.7966,-0.86378,-1.58,-0.10624,6.0067,0,0
0,0,0,0,0,0,-1.8262,2.1491,0,0
0,0,0,0,0,0,0,0,0.36312,-0.3296
0,0,0,0,0,0,0,0,0,0
0,0,0,0,0,0,-0.89098,-1.366,-0.95839,0.67151
0,0,1.0323,3.6449,-4.5455,0.51184,-2.9631,-1.8676,-1.1168,1.6835
0,0,0,0,0.79362,0.35077,-1.8253,-0.23228,0,0
-4.5813,2.4724,-0.74964,-3.2775,0,0,0,0,0,0
0,0,0,0,0,0,0,0,0,0
0.64089,-2.2275,2.1879,2.7721,3.6687,0.67838,0,0,-2.9719,0.78856
0,0,0,0,0,0,0,0,0,0
1.3408,-0.48166,0,0,-0.48433,1.2338,0,0,1.0085,1.433
-3.1037,-2.056,0,0,0,0,0,0,1.466,-1.3596
0,0,0,0,0,0,0,0,0,0
1.3261,0.31108,0,0,0.2755,-0.34215,0,0,0,0
0,0,0,0,0,0,0,0,0,0
0,0,0,0,0,0,-0.018477,-1.1585,0.51021,1.7956
6.8493,0.4247,0.17889,2.1684,0,0,2.0113,6.628,0,0
0,0,3.0213,6.4745,0,0,-0.91816,-5.2156,-2.0799,-3.3125
2.8638,-3.9206,-6.1584,-0.67511,0,0,0,0,4.1013,6.4818
0,0,-4.0603,-3.8739,2.4897,0.0066366,1.7734,3.8712,0,0
-4.1832,2.206,0,0,4.2626,-1.334,0,0,0,0
0,0,2.084,4.9105,0,0,0,0,0,0
0,0,0,0,-4.6346,-0.38889,0,0,0,0
-13.46,4.3753,1.2762,-8.9245,5.7791,-4.9767,-6.4354,5.9776,-1.3667,-4.9391
0,0,0,0,1.1208,0.68505,0,0,0,0
3.2448,-5.3196,-0.082764,8.551,-3.7393,1.3759,1.4883,-5.6412,0.84737,0.52967
0,0,0,0,0,0,0,0,0,0
0,0,-5.2368,-8.9291,0,0,1.7341,6.4499,0,0
-0.14554,-1.2071,1.712,-0.27741,-0.3348,-1.1975,0,0,0,0
0,0,0,0,0,0,0,0,0,0
0,0,0,0,1.1363,-1.1388,0,0,1.2668,1.6239
0,0,-3.0279,-5.3073,0,0,1.0366,3.2038,0.071854,2.5452
0,0,0,0,0,0,0,0,0,0
0,0,0,0,0,0,0,0,0,0
0,0,0,0,0,0,0,0,0.97189,1.4107
0,0,0,0,0,0,0,0,0,0
0,0,0,0,0,0,0,0,0,0
-6.6689,4.363,0,0,-0.74655,-4.4344,0,0,0,0
-8.3697,-5.3675,-9.8291,-5.1647,5.3881,3.9569,0,0,2.1549,-2.875
-4.9803,-2.6468,-2.0705,-4.5433,4.4204,0.32263,0.20421,2.7389,0.5449,-1.3344
3.7046,-6.5089,-7.5786,4.6843,-7.6542,-1.9222,-3.7411,-4.9779,7.1598,6.4372
0,0,2.3332,7.7046,0,0,0,0,0,0
0,0,0,0,1.5248,-1.9867,0,0,0,0
0.88831,0.16207,-1.9018,-3.2137,1.983,0.33656,1.5729,2.3066,1.6958,0.91781
0,0,0,0,0,0,-2.8443,-3.8898,0,0
0,0,0,0,0,0,0,0,0,0
9.6365,0.64355,0,0,0,0,1.5605,12.791,-1.2916,3.4488
0,0,0,0,0,0,0,0,0,0
0,0,0,0,-0.97898,-2.5636,0,0,0,0
-0.54982,1.5813,0,0,0,0,0,0,0,0
1.1055,1.1946,0,0,1.2316,-1.568,0,0,0,0
0,0,0,0,0,0,3.3963,1.2739,-3.4282,-3.356
-4.126,-1.3217,-3.2841,-4.4051,0,0,1.4773,3.8954,0,0
0,0,0,0,0,0,0,0,0,0
1.0188,-1.1451,0,0,0,0,0,0,0,0
0,0,0,0,0,0,0,0,0,0
-5.9302,-0.74434,-1.6612,-6.5576,0,0,-1.1891,-6.8062,3.1927,0.4927
0,0,0,0,0,0,0,0,0,0
-0.94403,-0.44517,0,0,0,0,0,0,0,0
-7.5556,2.686,3.5621,-0.526,0,0,-4.1654,2.0417,0,0
5.238,-4.5182,-7.7913,-2.0541,-4.9904,-1.7709,-2.0191,-0.47318,4.7562,6.1201
0,0,2.9013,1.1097,0,0,-3.1685,2.6203,0,0
0,0,-3.5187,-4.564,0,0,1.3688,2.1012,1.745,2.3364
0,0,0,0,0,0,0,0,0,0
0,0,-0.69342,-2.438,0.86355,-1.2404,0,0,0,0
1.7584,0.84906,0,0,0,0,0,0,0.39099,-1.4336
6.9099,-5.2325,-1.8898,3.8574,0,0,2.0497,-3.6979,1.4378,3.2656
-5.7787,7.0605,14.961,1.7587,8.3647,3.4244,0,0,-9.6223,-11.149
-10.325,-2.8975,-7.5085,-15.561,5.7219,1.3298,1.4653,1.9771,3.871,-0.40825
0,0,-0.56317,-0.59932,0,0,0,0,-0.36268,-0.41744
-4.1907,-0.72743,1.8603,4.0529,0,0,0,0,-2.1,-1.3791
8.4377,-1.2527,1.2168,8.6727,0,0,-0.5694,10.858,-2.1029,2.016
0,0,0,0,0,0,-0.66314,-0.52877,0,0
-3.5295,7.2832,8.1453,1.8939,5.302,1.4422,1.5792,0.39882,-4.6937,-9.2895
0,0,1.4086,0.55887,0,0,2.1454,-0.75697,0.47196,-0.62027
-6.8543,4.6807,-6.3838,-6.6011,-4.5094,-0.96388,-3.7904,2.5713,0,0
-6.5494,4.3791,1.1583,-3.0884,3.4459,-4.1615,-2.6419,3.5885,-2.6474,-3.1021
-2.1766,-0.032204,-0.92397,-3.0426,-1.2174,1.7967,-1.7745,-2.0282,1.132,-1.7997
0.43566,-0.96693,0,0,0,0,0,0,0,0
0,0,0,0,0,0,-1.0766,-0.97948,0,0
-3.3606,-1.5454,0,0,0,0,0,0,-0.79398,-0.35867
2.1518,1.8032,7.4261,3.9769,6.3091,3.2668,4.7649,-0.13972,-6.4083,-5.2666
-2.7318,0.75974,0,0,0,0,0,0,0,0
-6.4594,-2.6265,-3.8758,-3.7134,4.409,-0.85024,2.4864,3.4928,0.52029,-3.0909
0,0,0,0,0.77929,1.9435,-1.216,-1.305,0.056701,-0.71192
3.7081,-1.7695,0,0,0,0,0.48481,2.6909,0,0
0,0,0,0,0,0,-1.0925,1.8992,0,0
0,0,0,0,0,0,0,0,0,0
-2.7076,2.9543,6.6142,0.086369,0,0,0,0,-2.7293,-1.6586
5.9757,-5.1904,0,0,2.7019,2.5334,3.1464,-0.2781,-0.63802,0.9233
0,0,0,0,0,0,0,0,1.018,0.13219
0,0,-2.96,-0.79163,0,0,0,0,0,0
0,0,0,0,0,0,0,0,0.26022,-1.0275
-2.0089,-1.0286,0,0,-0.30512,0.41801,0,0,0,0
0,0,-6.2547,-0.54174,-4.4223,-0.4543,-0.9833,-1.6355,1.5595,3.2003
-6.3486,-1.984,1.7393,8.4441,0,0,0.66753,-6.5661,-0.44515,-5.7479
1.46,-0.67114,0,0,-0.96055,-1.3624,0,0,0,0
-2.0824,-0.40018,1.843,0.37783,0,0,0,0,0,0
0,0,0.48156,4.5731,0,0,0.35289,3.5733,0,0
0,0,0,0,0.29969,-1.8574,0,0,0.016894,3.5457
10.644,-6.7771,-1.689,7.3199,0,0,6.0845,-5.5577,2.009,2.277
0,0,0,0,0,0,0,0,0,0
-8.3949,6.3602,0,0,0.52087,-5.7066,-5.2514,-0.74341,-2.0649,-3.9671
0,0,-3.0716,-6.0286,-1.5603,-1.1977,0,0,2.0925,2.6171
0,0,0,0,0,0,-0.22983,0.67972,0,0
0.99892,-0.98299,-3.519,-4.424,0,0,-1.6336,-0.92377,2.262,3.6512
8.7967,-2.639,0.10546,8.732,5.5111,0.19215,3.8898,17.234,0,0
-2.9687,-4.3672,-5.1556,-0.93131,7.2216,0.11539,4.2424,10.576,-0.72679,-2.4577
0,0,0,0,0.48204,1.7692,-2.2381,0.69905,0,0
4.7592,-4.2534,-1.5213,2.8979,0,0,0,0,1.7673,1.1357
-3.5107,1.9781,0,0,0,0,1.3686,2.3824,-1.2284,-2.387
0,0,0,0,-0.85281,0.59701,0,0,0,0
0,0,0,0,0,0,0,0,0.43864,-1.3337
-3.9639,-2.3881,-2.5191,-5.9748,2.815,0.4223,1.8575,3.8535,-0.40061,-1.8901
-11.213,11.939,8.6506,-2.7578,6.5449,-3.5373,-1.6405,6.8539,-8.4897,-8.6846
0,0,0,0,0.63582,-0.99585,0,0,0,0
-12.693,-4.1671,-6.2673,-11.618,7.0283,0.37168,-0.94004,-5.6073,4.1179,-3.3642
0,0,2.4781,8.4863,0.68669,-1.9522,-0.29272,-6.7934,-0.41888,-1.6416
8.2949,3.307,4.5356,6.9413,-4.7093,-0.39828,0,0,0,0
2.304,0.54373,0,0,0.79603,0.54435,0,0,0,0
0,0,-1.2846,-6.5746,0,0,1.6079,3.8102,0,0
0.33594,-0.87438,0,0,0.64201,-0.67489,0,0,0,0
0,0,0,0,1.6441,0.90062,-0.19619,-2.3299,0,0
-10.248,-2.2898,-2.8148,-10.8,-2.9942,-0.31359,-1.8026,-10.994,2.9526,-2.7993
-2.3412,1.6016,4.4866,-2.9069,3.9742,1.4897,0,0,-3.556,-3.2973
-11.46,-4.5028,-8.8104,-9.6428,12.163,0.28931,3.5851,5.8311,0,0
-12.722,3.4996,-0.83217,-8.694,0,0,-1.8014,-4.527,1.9303,-3.3854
-8.4353,8.282,3.3805,-5.6373,3.4365,-5.6803,-5.3114,5.8432,-3.7859,-5.9966
3.9269,0.54307,2.0432,3.1313,-3.9579,0.61065,0,0,0,0
6.8475,-6.8889,-6.1993,0.68875,-4.8432,-1.4943,-1.3351,4.2372,3.2863,7.2601
0,0,-1.1283,-2.8491,0,0,0,0,0,0
0,0,-0.058601,-1.0338,0,0,0,0,0.1615,1.0027
0,0,0,0,0,0,0,0,0,0
0,0,1.3487,1.6461,0,0,0,0,0.44692,1.0465
0,0,0,0,-0.14199,1.3678,0,0,0,0
-0.3264,5.1057,0,0,2.3944,-3.0677,-2.2339,7.9951,0,0
0,0,0,0,-1.9154,-1.2561,-1.1144,-7.6799,0,0
0,0,0,0,0,0,-0.35955,2.7428,0,0
16.752,4.5165,5.288,12.729,-9.2183,0.53386,-2.4325,-0.3693,-1.7004,3.7
6.2212,1.7975,3.5558,15.613,0,0,-1.2257,0.88512,0,0
0,0,0,0,0,0,0,0,1.8513,1.0147
0,0,1.2875,3.5476,0,0,1.6072,1.5551,0,0
0,0,0,0,0,0,0.76031,0.64974,0,0
-3.6441,2.8667,0,0,0,0,-3.0152,2.0054,0,0
0,0,0,0,0,0,0,0,0.65005,0.32888
0,0,1.0176,-1.4736,0,0,0,0,0,0
0,0,-4.0067,-5.985,0,0,2.9788,4.596,0,0
0,0,0,0,-0.62084,0.019966,0,0,0,0
2.8565,-0.1589,-2.0678,-6.7577,0,0,2.2699,5.7876,0,0
0,0,0,0,0,0,0,0,0,0
0,0,0,0,0,0,0,0,0.74306,-2.0727
0,0,0,0,0,0,0,0,-0.78071,-0.41849
0,0,-1.1832,-1.539,0,0,1.5891,2.2918,0,0
0,0,0,0,0,0,0,0,0,0
0,0,0,0,0,0,0.0044121,0.86038,0.52229,0.74159
0,0,0,0,0,0,0,0,-3.5724,-2.7439
4.0566,2.1631,4.112,3.3614,-3.4888,-0.69038,-1.7172,-3.8999,-1.1823,3.2463
0,0,0,0,0.92342,0.68075,0,0,0.81737,1.5473
-10.42,6.16,-1.0617,-11.192,1.522,-10.81,-6.4723,8.7568,0,0
0,0,0,0,0,0,0,0,0,0
0,0,0,0,0,0,0,0,0,0
0.66317,-1.2706,0,0,0.29181,1.0005,0,0,0,0
0,0,0,0,-4.82,-0.8187,0,0,0,0
0,0,0,0,0,0,0,0,-0.65333,0.39052
0,0,0,0,-0.072173,-0.90967,0.86503,-2.1848,0,0
0,0,1.5255,4.8405,0.2026,-0.91191,-2.2085,-4.3848,0,0
0,0,0,0,0,0,0,0,0,0
0,0,-5.6021,-2.9356,-7.6652,1.2515,-1.2678,1.0947,0,0
2.0342,0.92289,0,0,0,0,0.72309,3.6132,0,0
-2.6042,-0.57077,-2.0535,-1.8119,0,0,-1.1461,-2.3754,0,0
0,0,5.9711,-0.47246,2.8665,0.83572,0,0,-1.9409,-3.5448
0,0,0,0,0,0,0,0,0,0
0.73905,2.6087,0,0,0,0,-0.23424,-0.59858,0,0
0,0,0,0,0,0,0,0,-1.9117,-1.0424
-5.386,-1.1287,-0.61649,-6.3272,0,0,-3.5298,-8.6282,0,0
1.2804,-0.16071,3.5402,3.0596,4.2195,-2.2583,2.7119,1.1752,0,0
-0.66223,6.4494,6.5675,5.3533,4.514,0.055152,3.2549,9.9024,-7.1852,-6.9481
0,0,0,0,0,0,0,0,0,0
0,0,-1.3325,1.8001,0,0,0,0,-1.1407,-1.5411
-0.55167,-0.88196,0,0,0,0,0.61079,1.4869,0,0
0,0,0,0,0,0,0,0,2.1354,1.0837
2.8835,0.90399,1.5939,3.3365,-2.1307,-0.83724,0,0,0,0
0,0,0,0,2.5704,1.8171,0,0,0,0
0,0,5.3521,16.347,0,0,-3.6192,-7.671,-1.6089,-3.4256
0,0,0,0,0,0,0,0,0,0
0,0,1.5357,0.88265,0,0,0,0,0,0
2.4592,-0.95542,0,0,-0.89725,-0.18385,0.66725,2.2771,0,0
0,0,1.7425,0.87755,0,0,0,0,0,0
-13.291,-1.5834,-0.85579,-5.896,10.651,1.3172,3.6054,5.7766,-3.1831,-6.7538
0,0,0,0,0,0,0,0,0,0
0,0,0,0,0,0,0,0,1.4759,3.248
-0.6868,-2.7089,0,0,0.80419,0.77531,0,0,0,0
-1.0531,-4.4638,0,0,0,0,0.84573,-11.212,0,0
0,0,-0.45297,-2.0397,0,0,-1.2089,1.2812,0,0
-4.6353,-0.71057,1.5142,8.3825,0,0,-3.1084,-6.2401,0,0
0,0,1.5873,2.1733,0,0,-1.4118,-0.33382,-0.6351,-0.65193
0,0,0,0,0,0,0,0,-1.2347,0.24436
0,0,0,0,0,0,-1.0522,0.076401,0,0
-10.388,0.70039,-2.4556,-10.493,0,0,-1.1638,-12.43,3.514,-0.42198
-7.1085,4.2716,0,0,0,0,-2.2518,4.0943,-2.1064,-3.904
0,0,0,0,0,0,0,0,-0.3016,-2.1815
3.9964,-6.0886,-1.7616,4.1371,0,0,5.5975,-3.2814,0.15403,2.4023
0,0,0,0,-2.0144,0.97175,0,0,0,0
-6.8587,0.092906,-0.036903,-7.8813,0,0,-1.858,-11.746,1.8423,-0.5407
-3.0296,-3.5187,-5.201,-3.3997,-2.2589,0.45661,0.7282,-7.1725,0,0
-2.7069,-0.12801,-2.3976,-1.7163,-1.661,-1.207,-1.7016,-1.3027,-1.7773,-0.94604
-2.1533,4.3098,1.0726,-3.535,1.2139,-4.2151,-2.1746,5.0842,-1.833,-3.0083
-2.5813,-0.68419,-1.4901,-4.9163,1.2316,1.4804,0,0,0,0
0,0,0,0,0,0,-1.725,-0.16993,0,0
0,0,2.7137,2.9875,-7.6645,1.0212,-2.6018,-16.57,3.3825,2.2847
0,0,0,0,-1.1834,0.73099,0,0,0,0
0,0,-1.0527,0.41618,0,0,0,0,0,0
0,0,2.2371,1.1941,0,0,0,0,-1.6356,0.14016
-7.2206,-0.93052,-1.7109,-7.9655,0,0,-1.6262,-7.4837,3.0779,-1.8183
0,0,0,0,0,0,1.2991,0.14851,0,0
0,0,0,0,-1.3247,-0.85615,0,0,0,0
0,0,0,0,0,0,0,0,0,0
2.2566,-0.43894,0,0,0,0,2.8867,1.4604,0,0
0,0,-1.2765,1.0323,0,0,0,0,0,0
5.9101,-4.2614,-2.9622,4.9843,-1.6383,4.0913,4.9773,-4.0106,2.8747,3.4339
0,0,-0.54508,-6.834,0,0,-0.082737,-6.3553,0,0
0,0,-3.0837,-10.001,0,0,2.7457,5.2184,0,0
0,0,0,0,0,0,0.76279,0.23754,0.6029,2.6892
0,0,0,0,0,0,0,0,0,0
0,0,0,0,0,0,0,0,0,0
-7.7798,-1.5708,-7.8382,-6.879,4.873,2.0313,2.7258,4.5278,0,0
0,0,-0.47979,1.4519,0,0,0,0,0,0
-1.2292,1.9311,2.8521,11.333,0,0,-2.5167,-5.3757,0,0
0,0,0,0,-2.5799,-0.18061,0,0,0,0
-0.11379,4.6595,7.9414,3.6555,0,0,0,0,-3.9291,-4.1824
0,0,0,0,0,0,0,0,0,0
10.626,-2.5558,-0.6935,4.7479,-7.613,-1.3742,0,0,3.3048,8.3497
12.061,1.3782,1.9296,11.565,0,0,3.2694,10.25,-3.8081,1.431
0,0,0,0,0,0,0,0,1.5794,-0.19433
0,0,1.8362,8.7215,-0.6416,-2.3353,0.053394,-4.0197,-1.6582,-1.7696
1.2585,-3.0388,-4.8184,-2.5419,0,0,0,0,3.6667,3.3017
0,0,0,0,0,0,0,0,0,0
0,0,0,0,0,0,2.3121,0.98464,0,0
7.6188,3.875,5.0498,4.8634,-6.4153,0.57785,0,0,2.4509,2.2104
0,0,0,0,0,0,0,0,0,0
0,0,0,0,-1.0382,0.96022,0.43318,-1.2552,0,0
-3.08,2.6437,0,0,3.5514,-0.038822,1.2137,1.2475,-2.1855,-5.6859
0,0,0,0,1.4929,-0.77316,0,0,0.30167,1.7267
0.056352,-0.71423,0,0,0,0,0,0,0.36243,-2.7709
0,0,0,0,0,0,0,0,0,0
4.8272,-2.3461,3.7991,3.9282,4.3992,1.3791,0,0,0,0
0,0,0,0,0,0,0,0,0.52152,-1.022
12.18,0.66132,1.2758,10.297,0,0,1.6136,12.631,-4.2096,0.63496
-5.3084,-0.40005,0.47881,-5.3376,-1.9509,-0.29791,-0.53683,-2.908,0,0
-5.8768,-2.3082,-2.6737,-3.9034,3.9787,-0.42844,0,0,1.1688,-2.2029
0,0,-1.3245,1.5046,0,0,0,0,0,0
0,0,0,0,3.3768,0.919,0,0,0,0
-11.905,-1.0233,-3.9539,-11.519,0,0,-1.7063,-13.274,4.9649,0.63986
0,0,2.7422,3.1453,0,0,0,0,0,0
5.9319,-1.6595,-1.4484,5.505,0,0,0,0,0,0
0,0,0,0,0,0,0,0,0,0
0,0,0,0,0,0,1.8505,1.0371,0.044726,0.46401
0,0,0,0,0,0,-0.96922,-1.1622,0,0
5.6839,-0.32649,0,0,0,0,2.0608,5.3526,-2.0866,0.98713
0.46743,-0.46127,0,0,0,0,0,0,0.57049,-1.3459
1.1429,-3.4106,-2.8004,-1.8497,-0.96417,1.7733,0,0,1.4516,3.2075
0,0,-4.7765,-0.99927,0,0,0,0,2.7764,2.6359
9.814,-11.137,-12.178,-0.9085,-9.3022,1.7393,-2.0364,-3.9035,8.9543,11.138
0,0,4.7362,10.331,0,0,-2.4595,-6.37,0.32023,-4.9443
0,0,0,0,0,0,0,0,0,0
0,0,0,0,-3.2062,2.3494,0,0,0,0
0,0,0,0,0,0,0,0,0,0
0,0,0,0,0,0,0,0,0.67159,-0.84994
0,0,0,0,0,0,0,0,-1.2901,0.18103
0,0,2.9268,4.8913,0,0,0,0,0,0
0,0,-2.9949,-1.4484,0,0,1.3211,-0.0043363,0,0
-6.7117,-1.8948,-2.5611,-4.2327,5.5054,0.16513,0,0,0,0
0,0,0,0,0,0,0,0,0,0
0,0,0,0,-2.5937,1.0413,0,0,2.0989,-0.30008
3.0994,-7.4255,-10.324,-2.2824,-6.4421,-1.8019,-1.9899,-3.0625,4.3746,9.1336
13.664,-13.144,-3.8963,9.6397,-4.4906,6.662,7.8878,-7.5301,1.977,6.4408
0,0,-1.9272,2.2855,0,0,2.0309,-2.8629,3.8508,2.8637
0,0,0,0,0,0,0,0,0,0
0,0,5.7898,-0.3727,7.0619,-5.8388,-3.1697,2.8226,0,0
0,0,0,0,-1.1484,-2.1559,0,0,0,0
0,0,0,0,0,0,2.1435,0.67638,0,0
0,0,0,0,0,0,0,0,0,0
-2.3351,2.8453,0,0,-2.3355,0.59991,-3.8589,-0.53107,0,0
5.0513,-6.4304,-2.8695,5.1639,-2.7925,4.5233,0,0,-0.22953,4.0188
-1.7668,-5.282,-3.7564,11.586,0,0,-4.4934,-9.8932,3.3844,3.2498
0,0,0,0,0,0,0,0,-0.014586,0.6872
-0.3737,1.3161,0,0,0,0,0,0,0,0
0,0,0,0,0,0,0,0,0,0
-3.9086,2.2469,0,0,0,0,-1.5317,3.205,0,0
0,0,1.7802,1.8392,-4.7558,-1.4444,0,0,0,0
0,0,0,0,0,0,0,0,0,0
0,0,3.3989,11.118,0,0,-2.2316,-8.1461,0,0
-3.5772,-1.0088,0,0,0,0,-1.8031,-5.3588,0,0
0,0,0,0,0,0,0,0,0,0
0,0,0.57765,-0.493,0,0,-1.6607,-1.0814,-0.9228,-1.0064
0,0,0,0,0,0,0,0,1.0423,0.032812
-4.92,-0.12578,-2.0376,-5.2912,0.97649,1.1613,-2.6573,-6.4208,2.7464,-0.64626
0,0,0,0,0,0,0,0,-0.88928,-1.6407
0.62853,2.6044,-1.8463,-5.2837,0,0,0,0,2.9498,-0.92883
-0.6875,-0.079819,0,0,0,0,0,0,0,0
0,0,7.8689,3.0002,5.6754,-0.77999,0,0,0,0
0,0,1.7809,4.3024,3.1723,-0.68737,0,0,0,0
5.5078,-0.8863,2.4088,1.9965,2.1043,-2.1376,0.24899,4.6141,-3.2794,1.1039
0.69404,1.7694,0.69376,-15.272,0,0,5.965,10.431,-1.6312,-3.396
4.8609,-3.4153,0,0,-3.8652,2.9204,6.2203,-2.9789,2.2733,2.7018
0,0,0,0,0,0,0,0,0,0
-4.9171,4.2677,8.0689,0.63889,0,0,0,0,-5.0771,-5.4206
0,0,0,0,0,0,0,0,0,0
0,0,0,0,0,0,-0.9023,0.58566,0,0
-1.447,5.5219,11.285,1.8901,2.7076,2.0607,-0.10201,-0.91477,-6.5521,-4.6961
2.781,1.4776,-0.85192,-9.0775,0,0,2.0965,5.6463,0,0
0,0,-2.9581,-8.9501,0,0,3.9713,6.1074,1.826,2.6899
-10.319,2.0641,-1.1615,-7.4618,0,0,-2.0791,-3.3637,-1.0884,-3.6694
1.8599,1.6179,0,0,0,0,0.59112,-0.95082,-0.18714,0.6913
0,0,0,0,0,0,0,0,0,0
-1.7948,-0.18298,0,0,1.0439,-1.2907,0,0,0,0
0,0,0,0,0,0,0,0,0,0
1.8419,-1.2592,0,0,0,0,0,0,0,0
0.60598,-2.8566,0,0,0,0,0,0,3.6532,0.85061
0,0,0.86347,6.7901,0,0,-2.4127,-2.7867,0.34508,0.20818
0,0,0,0,0,0,0,0,0,0
0,0,-0.18616,-3.1343,0,0,0,0,0,0
0,0,-0.18082,6.4525,0,0,0,0,0,0
10.736,-3.9357,-3.9585,5.424,-10.944,5.2196,0.34826,-7.0117,3.2192,6.1977
0,0,0.10245,-2.0462,0,0,-1.6563,0.36025,0,0
0,0,-0.72407,-2.7989,0,0,-1.4716,2.3756,0,0
-1.0831,-0.47976,2.0384,6.194,0,0,-2.8606,-5.0618,0.11591,-1.595
0,0,0,0,0,0,-0.48896,0.99377,0,0
0,0,0,0,0,0,0,0,-0.52646,-0.70899
-5.6498,6.8021,11.472,6.2433,5.6354,0.72601,0,0,-7.1691,-9.0072
0,0,0,0,0,0,0,0,0,0
7.972,-0.31504,2.0417,8.4547,0,0,1.498,6.8833,-1.2479,-0.56295
0,0,4.0734,4.107,5.6043,0.16268,0,0,0,0
0.43632,-2.0228,-0.95909,2.2454,-1.3628,-0.023793,1.9675,-3.8034,0,0
0,0,0,0,0,0,0,0,-0.39128,2.8787
0,0,0,0,0,0,0,0,0,0
0,0,1.0026,-1.2507,0,0,-0.23142,1.4992,0,0
0,0,0,0,0,0,0.56722,1.7363,0,0
0,0,1.3768,-1.1807,0,0,0,0,0,0
0,0,0,0,0,0,0,0,0,0
-3.707,-1.9741,-3.169,-3.9573,0,0,-1.5579,-3.6943,0,0
0,0,-0.7795,-2.8526,1.3913,1.5452,0.69684,0.86529,-0.47071,2.6362
0,0,-2.9042,-1.6713,0,0,0,0,0,0
-1.8302,-0.010674,0,0,-0.88959,2.3349,-0.79588,-2.3508,0,0
0,0,0,0,0,0,-2.3121,1.0913,0,0
0,0,-2.1615,-3.7975,2.4865,0.68657,0,0,0,0
-7.6557,-1.5136,-6.8291,-5.4278,8.2675,-0.55693,3.2477,6.3944,0,0
0,0,-2.5411,-0.90533,1.7635,-0.3708,0,0,0,0
0,0,0,0,0.88756,-1.5562,-0.77172,2.6716,0,0
11.813,-10.594,-14.27,-0.47183,-9.2403,1.0686,0,0,8.2167,12.382
0,0,-3.4546,-13.178,2.1761,1.8783,2.5385,9.9824,1.9585,3.2963
-1.4808,-0.6726,0.62383,-0.6906,0,0,0,0,0,0
0,0,0,0,-1.9046,0.0052919,0,0,1.5932,1.6482
-5.9719,-2.9125,-1.8974,-4.4792,7.3264,1.2317,0,0,0,0
5.6053,1.7497,0.97043,5.1854,0,0,2.1939,6.5285,0,0
-9.3841,5.7347,0.21745,-5.8415,0,0,-4.0877,2.1001,-0.34269,-3.6282
0.64228,2.0744,-1.6395,0.0061444,0,0,4.1119,0.6201,0,0
0,0,0,0,1.1883,-1.6448,0,0,0,0
2.9986,-1.4971,0,0,4.325,-1.6541,0.60042,0.90368,-1.1656,1.1433
-5.1711,-0.033214,-0.97911,-5.6676,0,0,0,0,1.5911,-1.3578
-1.89,1.5689,-7.1574,-3.7846,-5.5233,0.10191,-1.3851,-0.64922,0,0
0,0,0,0,0,0,0,0,0,0
0,0,0,0,0.3184,-1.8727,0,0,0,0
0,0,0,0,0,0,0,0,-0.40951,0.80121
-0.58516,-0.6374,0,0,0,0,0,0,0,0
0,0,0,0,0.12435,0.47461,0,0,0,0
0,0,0,0,0,0,0,0,-2.118,0.075484
0,0,1.6053,0.64602,0,0,0,0,-0.96379,1.6336
-6.5574,-0.56879,-1.8105,-7.5021,-1.0602,1.2859,-1.1171,-6.6128,0,0
8.2748,0.36306,3.3834,8.8326,0,0,-0.075387,2.1119,0,0
5.5388,3.5313,3.9645,6.9237,-6.0709,-1.1362,-1.3091,-4.2788,-0.65046,2.8794
0,0,0,0,0,0,0,0,0,0
0,0,0.047687,-3.4668,0,0,0,0,0.28343,0.62407
10.152,-8.083,-4.2113,5.9838,-3.7639,7.273,8.1631,-4.5318,3.3058,6.5681
-5.32,1.0547,0,0,0,0,-0.48989,-5.6639,0,0
7.924,-10.789,-3.5957,2.855,-4.3858,4.9392,4.1263,-10.991,2.857,4.6149
0,0,-0.93209,-5.2523,0,0,2.0526,5.084,1.4504,2.4165
1.2787,0.96331,0,0,0,0,0,0,0,0
0,0,2.3991,4.3484,-4.8827,-2.3973,0,0,2.4461,1.7748
-3.6904,-1.319,5.3932,-4.8468,4.9318,-0.43861,-0.49359,-6.7016,0.70317,0.26994
-1.7611,1.6759,1.7771,7.2612,0,0,-2.4692,-5.0838,-2.1053,-4.8268
0,0,15.359,10.503,6.4615,10.703,9.0069,-3.2633,-9.2953,-9.1706
0,0,0,0,0,0,0,0,0,0
0,0,0,0,0,0,0,0,0,0
0,0,-2.0804,0.12406,-1.9189,-0.27645,0,0,0,0
0,0,0,0,0,0,0,0,0,0
0,0,1.1713,-1.2453,0,0,0,0,0,0
0,0,-2.3061,-3.5312,2.0369,-0.66509,0,0,0,0
0,0,2.3406,2.3822,-2.0866,0.72989,0,0,0,0
-4.5731,1.9498,1.027,-2.162,0,0,-1.7291,3.054,-2.3313,-1.9453
-2.7723,1.0266,-4.9342,-0.89108,-6.0992,1.3451,0,0,0,0
0,0,0,0,0,0,0,0,0,0
0,0,0,0,0,0,0,0,0,0
0,0,0,0,0,0,0,0,0,0
0,0,0.72917,4.6153,0,0,1.2581,4.1745,0,0
-16.975,6.5786,-0.51654,-14.35,-0.32885,-6.4459,-7.5556,-3.0284,0.77611,-5.97
0,0,0,0,0,0,-0.89405,-0.38605,0,0
0,0,-2.381,4.5401,0,0,0,0,0,0
-2.6858,0.57548,0.91203,-1.615,-0.065804,-1.7542,-0.96967,0.74798,-1.4711,-0.19182
0,0,0,0,0,0,0,0,0,0
2.3933,2.2555,-0.71086,-6.0271,0,0,1.9925,5.5656,0.91764,1.2728
0,0,0,0,0,0,0,0,0,0
4.4439,-6.8099,-11.482,-2.7667,-10.115,-2.4298,-2.9325,-8.5152,10.71,11.621
-11.713,0.42657,-2.7334,-9.0855,0,0,-1.6287,-12.084,0,0
0,0,0,0,1.1456,1.0014,0,0,1.4343,-2.2397
-4.5703,6.8915,11.492,4.1609,6.9122,3.223,0,0,-9.5198,-10.822
0,0,0,0,0,0,0,0,0,0
3.0033,-6.1262,-5.8132,-1.2281,-5.7864,-1.5266,-0.15313,-3.541,4.136,5.7152
0,0,0,0,0,0,-0.31006,-0.7532,0,0
-5.1907,5.7621,2.747,-5.7187,0,0,-4.1476,4.7584,0,0
1.2951,-0.25897,0,0,0,0,0,0,-1.6273,1.1757
0,0,0,0,0,0,0,0,0,0
0.58616,-1.0664,2.9053,-1.4962,0,0,0,0,0,0
0,0,0,0,0,0,0,0,0,0
10.764,1.0587,2.7125,8.6388,0,0,1.6312,9.8885,-3.077,2.5699
