1.0309,-0.47167,-0.091255,0.12855,-0.83221,-0.47772,0.38907,-1.4457,0.42554,0.055922
-9.5485,-3.929,-6.1472,-7.0434,10.073,1.0464,1.7872,4.0798,0.98876,-2.7895
-0.28324,0.032158,-1.0746,2.059,-2.0394,-0.72904,0.16078,-1.3907,1.5291,-1.8217
-0.95471,0.47373,-1.4453,0.92654,0.60298,1.2281,0.2883,0.22299,2.2861,0.4673
1.3125,1.5058,0.18188,0.55768,-0.38875,0.54447,-0.85354,-1.0403,0.16287,-1.4721
-0.83944,-1.7215,0.57013,-0.067274,1.9996,0.64615,-0.35568,1.3049,1.0109,0.56002
0.083567,-0.50012,0.50477,5.6265,-1.9982,0.99902,-2.4797,-2.8597,-0.3308,0.72095
6.5019,-5.7149,-9.5495,-1.32,-7.834,-1.2065,-2.6565,-0.88025,7.7622,8.6659
0.91776,0.73319,-0.0013072,-0.45413,0.35044,1.4236,-0.20017,-2.6299,0.0077458,1.0105
-0.67407,0.47145,0.71067,1.6098,-0.11954,-0.30879,-0.037813,-2.2992,-0.84977,2.4142
-1.5496,-0.38143,3.4645,1.5104,1.9896,2.8195,2.8103,0.22332,-0.24088,-1.9498
-2.967,1.0145,-0.29911,-0.62333,-3.1251,-1.8823,-0.31396,0.52089,2.2168,-1.5895
4.8163,-2.1681,2.2552,3.016,2.7977,2.2161,1.6552,0.27216,1.1453,0.35323
0.61123,0.050417,-1.2839,0.85935,-0.89683,-0.39844,-0.15943,0.14992,-0.10135,-0.70132
-2.1468,-0.66146,4.1212,11.15,-1.9504,0.15303,-3.2214,-8.4718,-2.0846,-2.8969
-0.94241,1.4128,1.6862,2.5352,-0.95937,2.0364,-1.7165,0.13959,-0.85518,1.7383
-1.0627,0.036058,0.39186,1.2455,-0.1179,-2.3119,0.13056,-0.45303,1.1452,1.8297
0.43231,1.2125,2.4926,7.6125,-0.16906,-0.54107,-1.5456,-5.9544,-0.81767,-0.81678
0.12273,0.46774,-0.75332,-0.53364,-0.45227,0.54249,-0.30381,0.75091,-2.1853,1.3943
-0.7671,0.53964,-0.067812,0.84261,-0.03268,0.39361,1.4897,-0.95742,0.38982,1.3101
0.96065,-0.90894,0.9454,-0.73566,-0.2449,0.95325,0.28864,0.10719,-0.11961,0.65819
0.90543,0.0884,-1.9435,-6.3604,-1.2437,-0.35562,0.52897,5.8223,0.49022,1.5162
0.73874,-0.32896,3.2895,-0.050809,1.028,-0.65374,-0.89677,0.30071,-1.7374,2.6632
-2.3096,3.778,0.17763,-1.0012,1.5885,-2.0737,-0.30905,0.93499,-1.342,1.2248
-2.0945,-0.042825,-0.84257,-1.227,-1.1851,1.7073,-1.3552,1.5458,-0.24184,0.55335
0.6302,-0.27833,1.9625,1.8031,-0.4054,0.35982,0.78396,-0.15127,0.47078,0.40046
-2.6169,1.9184,3.9902,1.1403,2.8057,1.0069,2.4662,-0.016222,-3.0778,-3.4518
0.81924,-0.27951,-0.50295,-0.25762,-0.46161,1.1154,0.5868,-0.58782,-1.2676,-1.3053
5.8843,-3.8785,-1.5771,5.3359,-2.4806,3.0195,2.3977,-3.8897,1.3966,4.1979
0.52365,0.92324,-0.083316,1.1537,-1.612,-0.28259,0.0085089,-1.5834,0.99235,0.33541
0.049312,2.1783,-0.48036,-0.51223,-0.47611,-1.0851,-0.13222,1.4654,0.4318,-1.2246
1.9223,0.53358,-2.7319,-9.5555,0.52288,2.3206,3.2835,6.7734,1.9757,3.1112
2.7595,-0.55653,-0.003827,2.7176,-1.5604,-0.31007,-0.15385,-1.3951,-0.85021,1.0803
-0.44074,0.062886,-0.74321,0.41499,0.4322,0.88235,0.32146,0.46843,0.031508,-0.37716
1.3511,0.029511,0.12476,-0.5203,-1.8709,0.042708,0.14844,0.021524,-0.55328,-0.61592
0.47997,0.54223,-0.75334,-3.8942,-0.72539,0.7466,-1.4455,2.5012,-0.98321,1.4713
-1.4043,1.1251,0.96794,4.2482,-1.0097,0.67854,-1.915,-4.232,-1.2087,-2.4192
-0.90292,0.13289,-2.3221,0.50218,-1.1493,0.65055,0.8897,0.74227,0.28022,0.7275
1.5727,-0.036548,2.4203,0.38298,0.60104,0.41022,-0.89453,-1.2112,0.28194,1.4711
-2.9123,-0.27562,0.56506,-3.5282,1.1095,-0.15527,0.56962,-2.3204,0.35194,0.65547
13.771,1.5422,1.5342,14.051,-0.40284,-1.3618,1.2981,14.787,-2.8389,0.81521
-1.0038,-0.26956,0.33115,-0.98527,-0.70199,-0.79163,-1.3808,0.15294,0.7777,0.29961
-1.8663,2.7407,0.83374,-0.12394,0.31424,-0.27871,-0.59834,-0.4078,0.26275,0.66271
-1.2655,2.2099,-0.70736,-0.76361,-0.039808,1.8888,0.74003,0.54291,-2.3012,0.60011
-3.5076,-0.095579,-2.8647,-5.4693,-0.11417,1.3275,-0.059219,-5.5277,3.718,0.39759
-0.417,-0.0035142,0.16048,0.10477,-0.23216,3.0576,-1.3434,0.53912,-1.667,-0.48885
-0.94526,1.4395,0.27626,-0.1093,0.35571,-0.40447,-0.70099,-0.49958,1.3504,-0.42896
-0.71969,-1.0129,0.24078,0.76217,0.63395,-0.70216,0.99658,-1.8854,1.2749,1.9517
-1.3115,1.4145,1.8242,-2.4497,0.77209,-0.50675,-1.6803,1.097,-0.80247,-2.6775
0.31519,1.4534,1.9162,9.2757,-0.47639,0.054907,-2.7896,-7.3719,-1.3097,-2.7829
2.9201,-3.7689,-4.5389,-0.97935,-2.5633,0.57818,0.57947,0.46554,4.1837,3.5472
-0.75661,-0.74335,1.5261,-0.95947,1.1867,-2.2114,2.0088,-0.68278,-0.48977,1.2771
2.3326,-2.3705,0.26172,0.11965,0.022648,0.8181,0.58421,-0.76307,-0.37848,0.12755
-0.427,0.55017,-1.2626,0.24246,-1.2946,0.54965,0.052794,0.37903,-0.25083,-0.26063
-0.28994,-0.090212,1.6938,-0.22937,-0.92003,0.30107,0.14397,-0.036006,0.48563,0.41387
2.0187,-0.26195,-0.050755,0.038115,1.3203,-0.1965,-0.86308,-1.1796,-0.72889,-0.2644
3.8835,-2.2865,-4.9405,-1.8424,-4.9081,-1.2923,-1.348,-0.61418,4.4704,3.328
-6.7076,-4.5784,-4.9078,-6.5076,7.656,1.7451,0.77793,2.7532,2.4637,-2.2911
1.0646,-1.2499,-0.98077,0.98198,1.3352,-2.0513,1.2104,-0.58956,-0.39786,0.49702
-6.7582,-1.7793,-4.194,-5.763,2.8907,-1.4001,0.99684,-1.9255,-1.9615,-0.87152
-8.4918,6.4165,-0.97045,-7.6034,-0.29553,-6.0246,-4.171,4.8544,-0.71145,-3.1368
1.524,-1.965,1.009,-0.67531,0.45166,-0.39869,-0.95576,2.049,0.073488,-0.18201
-0.42934,-0.33101,-1.3217,1.1701,0.57073,-0.57731,0.98028,-0.40749,0.67946,-1.6455
0.44387,1.0109,-0.98331,-0.41187,1.6352,0.16388,1.3198,-0.41519,1.296,1.0177
-4.3193,-3.0186,-4.141,-3.5021,4.7339,0.40637,1.1346,3.8612,0.33373,-1.1457
2.5705,2.5024,-2.0498,-5.9849,1.7647,1.3951,2.1271,5.0028,-0.24649,2.2986
-2.819,-1.6527,-0.546,-1.7315,2.6976,0.50734,0.20767,0.11007,0.64634,-1.2104
2.1096,0.26408,-0.95865,-5.9524,0.44918,0.58868,0.69529,4.7793,0.51892,2.6866
0.47449,-0.88775,-1.9105,-1.6077,-0.79383,0.29213,-0.96192,-0.064515,-0.75794,0.74667
2.0686,-0.67963,-0.74406,-1.0406,1.0412,-1.8412,2.628,-0.7547,-1.4374,0.72498
-1.6719,-0.074304,2.9411,10.245,-1.0621,-1.52,-3.3343,-6.6607,-1.9812,-2.1852
1.1004,1.8796,4.3938,6.7932,-1.7837,-0.012728,-1.5125,-4.8543,0.39897,0.64717
-1.1813,-0.11753,-0.41213,0.67017,1.6845,-1.157,1.573,0.58099,-0.29927,0.96298
7.086,-7.3033,-13.548,-3.5399,-6.324,-2.7145,-2.0984,-1.0134,9.9741,10.492
-1.6869,-0.30202,-0.10279,0.4705,0.81628,-1.0358,-0.02104,0.15753,0.064806,0.45118
2.3991,0.0073684,1.2479,-0.96063,1.4276,0.55788,-0.066485,-1.8572,0.19977,0.11405
-7.0809,-0.14143,-2.6899,-4.0187,4.4613,1.4545,1.9236,1.2957,-0.56296,-2.3505
0.79387,0.060656,1.4163,-0.41518,0.24778,1.7431,-0.1983,-0.86253,0.62085,-0.67795
-2.0571,-0.54855,1.3345,-2.0165,-0.99825,-0.82794,-0.25361,-4.7757,-1.4926,-1.3096
-3.3872,-0.16749,2.4014,0.50198,0.34153,-0.10804,-1.4153,0.32834,-0.63825,-0.15892
6.8781,2.1246,7.3147,18.726,-8.1036,-1.3016,-4.1351,-12.274,-1.3775,0.25935
-6.2897,0.87116,-1.0653,-3.892,7.7906,1.0279,3.9452,1.795,-2.4867,-3.2598
2.9108,-3.2371,-5.9438,-1.3165,-2.1891,-0.14453,-1.0372,-0.37811,1.4799,5.6782
-0.8821,-1.1017,0.017377,-0.22654,0.96674,0.083791,0.95902,0.20582,-1.3349,-0.028051
-2.2867,3.0315,-2.3684,-9.7966,-0.86378,-1.58,-0.10624,6.0067,0.86269,-0.27407
-0.56381,0.77295,-0.51649,0.82027,-0.18848,1.2296,-1.8262,2.1491,-0.39932,0.048386
-0.70638,-1.249,0.60718,-0.49455,0.52805,0.7443,0.9329,-1.2455,0.36312,-0.3296
1.0453,-1.5183,1.1013,-0.29241,0.49721,-0.59853,0.17935,0.14736,-0.13367,2.6187
-1.1163,0.56393,0.25752,0.27087,-0.33211,-0.84521,-0.89098,-1.366,-0.95839,0.67151
1.7161,0.99633,1.0323,3.6449,-4.5455,0.51184,-2.9631,-1.8676,-1.1168,1.6835
1.6287,0.68434,-1.3235,-1.145,0.79362,0.35077,-1.8253,-0.23228,-2.1253,-0.22189
-4.5813,2.4724,-0.74964,-3.2775,1.7765,-1.9284,-1.8707,0.98687,-1.6209,-2.106
-1.6064,-0.30575,1.1251,2.3268,1.0613,-0.44135,-1.282,-0.40043,-0.94937,1.7676
0.64089,-2.2275,2.1879,2.7721,3.6687,0.67838,0.89434,0.70137,-2.9719,0.78856
-1.7925,-1.1058,0.47992,0.33526,0.58587,-0.6264,0.21672,0.057479,1.1871,1.0334
1.3408,-0.48166,-1.4333,-1.2457,-0.48433,1.2338,0.47922,0.18604,1.0085,1.433
-3.1037,-2.056,-2.332,-2.0086,2.2474,0.92325,1.3662,1.9325,1.466,-1.3596
-0.3041,0.61099,-0.99981,-0.44093,-1.75,0.9389,1.1385,1.1071,-0.55585,0.10576
1.3261,0.31108,0.23442,0.21579,0.2755,-0.34215,0.78279,-0.35993,-0.12991,-0.60353
-1.4407,1.2434,2.1213,1.6274,-0.39152,1.6395,1.0629,0.7609,0.054183,0.14712
-0.73071,1.5555,-1.6927,-0.37472,-2.7048,0.52784,-0.018477,-1.1585,0.51021,1.7956
6.8493,0.4247,0.17889,2.1684,0.81907,0.037177,2.0113,6.628,0.79671,-0.17806
-1.6243,-0.26562,3.0213,6.4745,-1.3333,-0.95401,-0.91816,-5.2156,-2.0799,-3.3125
2.8638,-3.9206,-6.1584,-0.67511,-2.9464,-0.82378,-1.123,0.27073,4.1013,6.4818
-0.88257,-1.3478,-4.0603,-3.8739,2.4897,0.0066366,1.7734,3.8712,-0.36668,-0.12491
-4.1832,2.206,0.44831,-0.091543,4.2626,-1.334,0.10495,2.0734,0.28029,-0.3405
-1.6619,2.5321,2.084,4.9105,1.5017,0.014319,0.22444,-4.194,-2.3109,-3.5137
-1.6464,3.1414,-1.4148,-1.8241,-4.6346,-0.38889,1.0325,-0.11066,0.55875,-1.4137
-13.46,4.3753,1.2762,-8.9245,5.7791,-4.9767,-6.4354,5.9776,-1.3667,-4.9391
-1.8686,-1.3059,0.40561,-0.44901,1.1208,0.68505,0.26663,-1.2096,-0.34414,-0.61741
3.2448,-5.3196,-0.082764,8.551,-3.7393,1.3759,1.4883,-5.6412,0.84737,0.52967
-0.099347,0.50872,1.4674,-0.83903,0.022864,0.49044,-0.36555,-0.37615,0.35116,-0.18084
1.049,0.51671,-5.2368,-8.9291,-0.26351,-0.69522,1.7341,6.4499,1.0545,3.0736
-0.14554,-1.2071,1.712,-0.27741,-0.3348,-1.1975,0.096381,0.024548,1.6375,-0.99275
-0.9732,0.26584,-0.19862,-2.7566,0.66026,0.15215,-0.020832,-3.382,-1.1537,-0.9634
2.2054,0.29169,1.2479,0.84667,1.1363,-1.1388,0.041575,-0.27466,1.2668,1.6239
1.8311,-0.3771,-3.0279,-5.3073,-0.81901,2.22,1.0366,3.2038,0.071854,2.5452
-1.9413,-0.098507,0.99029,-1.5817,-0.47017,0.96494,-0.6765,0.99516,0.9523,-1.5109
-1.2403,0.38158,-0.14719,0.024184,-0.49638,0.93322,0.39414,0.32246,0.29465,0.33636
0.44754,-0.48142,0.84733,0.64079,-0.037299,-1.0485,0.36368,0.35476,0.97189,1.4107
-0.24614,0.29926,2.6014,-0.93152,1.0064,0.4484,0.24597,-0.12004,-0.3961,-0.27978
-2.0155,0.090601,-0.95599,-1.3047,-1.7212,0.80502,-2.0109,-0.067263,0.082211,0.2369
-6.6689,4.363,1.1477,-3.0106,-0.74655,-4.4344,-3.8341,2.9227,-0.58418,-3.8751
-8.3697,-5.3675,-9.8291,-5.1647,5.3881,3.9569,4.1345,0.0031888,2.1549,-2.875
-4.9803,-2.6468,-2.0705,-4.5433,4.4204,0.32263,0.20421,2.7389,0.5449,-1.3344
3.7046,-6.5089,-7.5786,4.6843,-7.6542,-1.9222,-3.7411,-4.9779,7.1598,6.4372
-2.2689,0.24417,2.3332,7.7046,-1.3219,-0.65928,-3.1664,-4.8658,-1.6237,-0.59616
1.9761,1.076,1.5387,-0.55808,1.5248,-1.9867,-1.1861,-0.20642,-1.4417,-0.72537
0.88831,0.16207,-1.9018,-3.2137,1.983,0.33656,1.5729,2.3066,1.6958,0.91781
-3.2038,0.1076,0.14289,-2.6538,-0.21358,0.80777,-2.8443,-3.8898,0.3083,1.0231
1.4879,-0.10561,-1.4518,1.8196,0.7451,-1.4356,1.9361,0.031481,-0.13332,0.17505
9.6365,0.64355,2.565,4.2393,2.6258,0.22686,1.5605,12.791,-1.2916,3.4488
0.84359,-0.4325,1.235,-1.3615,1.8315,0.19664,0.34007,0.098007,-0.98641,-3.2305
1.0433,-0.53964,0.13814,0.30479,-0.97898,-2.5636,1.5816,-0.098844,-0.024568,-2.247
-0.54982,1.5813,-0.36795,-0.077753,0.67137,0.53436,-0.94162,-0.57142,0.69965,-0.52392
1.1055,1.1946,-0.6239,1.7365,1.2316,-1.568,0.47028,-0.17559,0.44277,1.3613
-0.65328,3.5681,2.7154,1.5506,1.3387,0.7766,3.3963,1.2739,-3.4282,-3.356
-4.126,-1.3217,-3.2841,-4.4051,3.5989,1.3812,1.4773,3.8954,0.93854,-3.2295
-2.3895,1.2153,0.53148,-1.4732,1.3863,-1.7007,-0.24801,0.61348,0.70128,-1.7243
1.0188,-1.1451,1.1769,0.26956,2.4099,-0.21905,-1.2132,-0.46528,0.28281,0.34017
0.36666,-0.23554,-0.27545,-1.1447,-0.94396,-0.85106,-0.75367,-1.4525,-0.9009,0.52528
-5.9302,-0.74434,-1.6612,-6.5576,-0.098467,0.63437,-1.1891,-6.8062,3.1927,0.4927
1.4697,-0.31539,0.51307,0.12835,2.1043,0.15001,-1.1627,-0.31955,-1.8303,1.7097
-0.94403,-0.44517,0.2843,-0.32614,1.5819,0.14349,-0.0014467,0.33549,-0.13603,-1.9477
-7.5556,2.686,3.5621,-0.526,2.8194,-4.0248,-4.1654,2.0417,-0.76365,-2.3336
5.238,-4.5182,-7.7913,-2.0541,-4.9904,-1.7709,-2.0191,-0.47318,4.7562,6.1201
-0.3834,1.0698,2.9013,1.1097,-0.56986,-0.60257,-3.1685,2.6203,-0.078057,-0.32786
2.2555,-0.58617,-3.5187,-4.564,-0.42481,-0.68964,1.3688,2.1012,1.745,2.3364
0.61788,-0.29751,1.2823,1.4826,-0.025865,1.6586,-0.62934,0.87036,-0.81968,-0.67019
-3.1462,-0.23453,-0.69342,-2.438,0.86355,-1.2404,0.43836,0.34035,1.6387,-0.48148
1.7584,0.84906,0.88772,1.1989,-0.70458,1.4343,-1.1193,-0.17548,0.39099,-1.4336
6.9099,-5.2325,-1.8898,3.8574,-2.849,2.9927,2.0497,-3.6979,1.4378,3.2656
-5.7787,7.0605,14.961,1.7587,8.3647,3.4244,0.23935,2.3443,-9.6223,-11.149
-10.325,-2.8975,-7.5085,-15.561,5.7219,1.3298,1.4653,1.9771,3.871,-0.40825
0.71613,0.43583,-0.56317,-0.59932,1.9384,-0.74162,-0.29985,-1.0862,-0.36268,-0.41744
-4.1907,-0.72743,1.8603,4.0529,1.6246,-1.334,0.047899,-2.5142,-2.1,-1.3791
8.4377,-1.2527,1.2168,8.6727,2.2259,0.79235,-0.5694,10.858,-2.1029,2.016
-0.72599,-0.33,0.96698,1.0295,0.45159,-0.32744,-0.66314,-0.52877,2.7011,1.3517
-3.5295,7.2832,8.1453,1.8939,5.302,1.4422,1.5792,0.39882,-4.6937,-9.2895
1.2762,-0.062507,1.4086,0.55887,0.91853,0.72419,2.1454,-0.75697,0.47196,-0.62027
-6.8543,4.6807,-6.3838,-6.6011,-4.5094,-0.96388,-3.7904,2.5713,1.3337,-2.3363
-6.5494,4.3791,1.1583,-3.0884,3.4459,-4.1615,-2.6419,3.5885,-2.6474,-3.1021
-2.1766,-0.032204,-0.92397,-3.0426,-1.2174,1.7967,-1.7745,-2.0282,1.132,-1.7997
0.43566,-0.96693,0.74497,0.21263,-0.23562,0.016094,1.8824,0.55563,-0.093706,0.61322
-0.59435,0.19721,-1.1991,-0.26228,-2.1452,-0.05368,-1.0766,-0.97948,-0.31428,-1.1997
-3.3606,-1.5454,-2.4257,-3.0048,4.4167,0.30931,0.33261,1.3228,-0.79398,-0.35867
2.1518,1.8032,7.4261,3.9769,6.3091,3.2668,4.7649,-0.13972,-6.4083,-5.2666
-2.7318,0.75974,-0.63413,0.40766,-0.050003,0.35766,0.68979,-2.0758,2.874,1.1452
-6.4594,-2.6265,-3.8758,-3.7134,4.409,-0.85024,2.4864,3.4928,0.52029,-3.0909
-0.19619,0.073636,0.58354,-0.10369,0.77929,1.9435,-1.216,-1.305,0.056701,-0.71192
3.7081,-1.7695,0.52064,1.8099,0.82467,-0.099829,0.48481,2.6909,-0.49897,0.19858
1.6778,0.21643,0.75136,0.31257,0.01968,-0.50929,-1.0925,1.8992,-0.39841,-0.61969
0.066542,1.9313,1.3021,0.28248,0.16375,0.055022,0.58862,0.63836,-0.048759,-0.76287
-2.7076,2.9543,6.6142,0.086369,2.6311,-0.0093119,-0.40703,0.080588,-2.7293,-1.6586
5.9757,-5.1904,1.3295,3.8521,2.7019,2.5334,3.1464,-0.2781,-0.63802,0.9233
1.0992,-0.13798,-0.10242,0.056556,0.3708,0.76384,-0.45143,-0.32397,1.018,0.13219
-1.4726,1.5152,-2.96,-0.79163,-2.4327,-0.91745,-0.52228,-1.9092,1.6111,-0.050939
-0.85718,0.68038,-0.48521,-1.2684,1.3733,-1.3267,-0.12903,0.424,0.26022,-1.0275
-2.0089,-1.0286,-0.29029,-0.81938,-0.30512,0.41801,0.86807,-3.9648,0.5576,-0.86458
2.582,-2.2803,-6.2547,-0.54174,-4.4223,-0.4543,-0.9833,-1.6355,1.5595,3.2003
-6.3486,-1.984,1.7393,8.4441,3.7714,-0.65396,0.66753,-6.5661,-0.44515,-5.7479
1.46,-0.67114,1.8436,-0.42749,-0.96055,-1.3624,1.5638,0.59401,-1.106,1.3674
-2.0824,-0.40018,1.843,0.37783,0.32642,0.60924,0.2377,-0.49677,0.48843,-1.6941
2.1005,-0.17956,0.48156,4.5731,1.2833,-0.94654,0.35289,3.5733,-1.1832,-0.21667
-0.035005,0.0082929,-0.82786,-0.17077,0.29969,-1.8574,-0.12113,-1.2496,0.016894,3.5457
10.644,-6.7771,-1.689,7.3199,-3.7515,3.06,6.0845,-5.5577,2.009,2.277
-0.58131,-1.1645,0.39604,0.18931,-0.22829,-0.57748,-0.036077,-0.85242,-0.026341,-1.9548
-8.3949,6.3602,3.4714,0.32333,0.52087,-5.7066,-5.2514,-0.74341,-2.0649,-3.9671
1.3368,-1.9776,-3.0716,-6.0286,-1.5603,-1.1977,0.138,1.7084,2.0925,2.6171
0.13308,-0.16673,-0.73261,-0.097147,0.40243,2.3069,-0.22983,0.67972,-1.9612,-0.55318
0.99892,-0.98299,-3.519,-4.424,-2.7313,-1.6176,-1.6336,-0.92377,2.262,3.6512
8.7967,-2.639,0.10546,8.732,5.5111,0.19215,3.8898,17.234,-3.2621,0.291
-2.9687,-4.3672,-5.1556,-0.93131,7.2216,0.11539,4.2424,10.576,-0.72679,-2.4577
0.48644,-0.31699,-1.3931,1.2692,0.48204,1.7692,-2.2381,0.69905,0.10985,-0.035038
4.7592,-4.2534,-1.5213,2.8979,-0.01619,1.0817,2.835,-3.1181,1.7673,1.1357
-3.5107,1.9781,2.591,-0.088842,1.3285,1.2768,1.3686,2.3824,-1.2284,-2.387
-0.58734,2.1221,-3.0424,-0.37536,-0.85281,0.59701,-0.66549,0.30015,1.2789,-1.1348
-0.34667,-0.64342,0.2478,-0.28109,0.6203,0.73665,0.35237,0.41634,0.43864,-1.3337
-3.9639,-2.3881,-2.5191,-5.9748,2.815,0.4223,1.8575,3.8535,-0.40061,-1.8901
-11.213,11.939,8.6506,-2.7578,6.5449,-3.5373,-1.6405,6.8539,-8.4897,-8.6846
-1.2952,-0.51954,-1.4391,-0.83379,0.63582,-0.99585,1.016,-2.1687,1.0025,-0.59401
-12.693,-4.1671,-6.2673,-11.618,7.0283,0.37168,-0.94004,-5.6073,4.1179,-3.3642
-2.2125,-0.043809,2.4781,8.4863,0.68669,-1.9522,-0.29272,-6.7934,-0.41888,-1.6416
8.2949,3.307,4.5356,6.9413,-4.7093,-0.39828,-1.0187,-0.82247,-1.255,1.2897
2.304,0.54373,-1.8129,1.9948,0.79603,0.54435,1.3006,-0.98092,0.45722,1.289
-0.70906,-0.74351,-1.2846,-6.5746,0.59691,1.5838,1.6079,3.8102,-0.80664,1.9571
0.33594,-0.87438,1.0247,1.2507,0.64201,-0.67489,-0.18462,2.0442,-0.18148,-1.2924
-0.54946,-1.9149,0.57158,-0.18958,1.6441,0.90062,-0.19619,-2.3299,0.058727,-0.49171
-10.248,-2.2898,-2.8148,-10.8,-2.9942,-0.31359,-1.8026,-10.994,2.9526,-2.7993
-2.3412,1.6016,4.4866,-2.9069,3.9742,1.4897,2.5599,2.7185,-3.556,-3.2973
-11.46,-4.5028,-8.8104,-9.6428,12.163,0.28931,3.5851,5.8311,1.2758,-2.8541
-12.722,3.4996,-0.83217,-8.694,0.52116,-3.5938,-1.8014,-4.527,1.9303,-3.3854
-8.4353,8.282,3.3805,-5.6373,3.4365,-5.6803,-5.3114,5.8432,-3.7859,-5.9966
3.9269,0.54307,2.0432,3.1313,-3.9579,0.61065,-2.0551,-1.2119,-0.1487,1.5273
6.8475,-6.8889,-6.1993,0.68875,-4.8432,-1.4943,-1.3351,4.2372,3.2863,7.2601
1.4333,1.1161,-1.1283,-2.8491,0.22166,-2.1294,0.81147,2.1867,1.0257,0.71731
-0.46238,-1.2961,-0.058601,-1.0338,0.53766,0.70257,-0.098472,-0.2937,0.1615,1.0027
0.54417,-0.35038,-0.35423,-0.86617,-0.29679,1.0882,-0.42486,0.63744,-0.58904,1.6606
-0.18938,0.86509,1.3487,1.6461,-0.75304,0.53996,-0.18232,-0.35261,0.44692,1.0465
0.62514,-1.7068,0.19647,0.64628,-0.14199,1.3678,0.83312,-0.3568,1.0928,0.022663
-0.3264,5.1057,3.9565,1.5607,2.3944,-3.0677,-2.2339,7.9951,-0.84631,-1.7457
-1.6844,2.5443,2.0247,1.692,-1.9154,-1.2561,-1.1144,-7.6799,0.79381,-2.1654
0.80736,1.2168,-0.12478,-2.9435,-0.33518,-0.51819,-0.35955,2.7428,0.0066966,0.72579
16.752,4.5165,5.288,12.729,-9.2183,0.53386,-2.4325,-0.3693,-1.7004,3.7
6.2212,1.7975,3.5558,15.613,0.40184,-0.58732,-1.2257,0.88512,-0.9123,-1.8492
-0.31365,-0.55998,1.2423,0.066076,-1.5653,0.54763,0.010283,0.14788,1.8513,1.0147
0.27762,-1.0406,1.2875,3.5476,-2.3097,-0.77469,1.6072,1.5551,1.7882,0.54275
-1.1627,-1.0901,-0.96009,0.36417,-1.6424,0.65686,0.76031,0.64974,0.61615,-1.6115
-3.6441,2.8667,0.18584,-1.9054,3.6284,-1.9442,-3.0152,2.0054,-2.131,-2.4264
2.0174,-1.0172,-0.56646,-1.0267,1.0425,-0.93858,0.63693,1.3343,0.65005,0.32888
-0.79179,-0.34219,1.0176,-1.4736,0.02811,0.068709,-1.2476,0.74371,0.13486,-1.3036
2.3147,2.4063,-4.0067,-5.985,-1.9793,-0.015409,2.9788,4.596,-0.30669,2.9957
-0.11009,0.44628,-1.6623,-1.3993,-0.62084,0.019966,0.21242,0.86946,3.1998,-0.21506
2.8565,-0.1589,-2.0678,-6.7577,0.76934,1.3938,2.2699,5.7876,-0.80168,1.0907
-0.9554,0.58929,-1.9961,-0.87343,-0.52705,-0.50469,0.27469,0.40351,-0.31303,0.28843
0.76578,-0.50315,0.36489,-1.3483,-0.84425,-0.048805,0.80675,-0.85484,0.74306,-2.0727
0.27524,-1.2814,0.70223,-0.4203,-0.00062953,0.30337,-1.4921,0.32513,-0.78071,-0.41849
-0.096673,-0.089999,-1.1832,-1.539,0.26519,-0.46533,1.5891,2.2918,-0.30095,1.3335
-0.50542,0.34539,-0.11283,-0.072841,0.42515,0.46768,0.31612,0.23908,-3.081,-2.4752
0.94282,0.64963,0.0065817,-0.22651,0.61785,1.7928,0.0044121,0.86038,0.52229,0.74159
-1.3853,-0.1362,2.4068,1.1551,2.7797,0.8251,1.2366,-0.38644,-3.5724,-2.7439
4.0566,2.1631,4.112,3.3614,-3.4888,-0.69038,-1.7172,-3.8999,-1.1823,3.2463
-1.1903,0.48688,1.1737,-1.0528,0.92342,0.68075,0.49889,-0.27041,0.81737,1.5473
-10.42,6.16,-1.0617,-11.192,1.522,-10.81,-6.4723,8.7568,-0.42895,0.15764
1.2222,0.77211,0.82237,0.27343,-0.2368,-0.68702,-2.2,0.8637,1.1416,-1.3847
1.5894,-0.63713,-0.62211,0.20306,-0.99061,-1.147,0.036422,0.64671,0.33414,0.7436
0.66317,-1.2706,-2.0699,0.0026511,0.29181,1.0005,0.83012,0.45235,-0.88198,1.5353
-0.69773,3.9342,-0.82577,0.41043,-4.82,-0.8187,-2.9848,-1.3553,0.053481,0.90664
1.3038,-1.3203,2.3707,0.45943,2.3028,0.43098,0.60209,-1.0806,-0.65333,0.39052
-1.5066,-0.91059,-2.89,-1.9322,-0.072173,-0.90967,0.86503,-2.1848,-0.20735,-0.83989
0.62945,-0.045913,1.5255,4.8405,0.2026,-0.91191,-2.2085,-4.3848,-0.72807,-1.0733
0.1849,0.042192,1.8337,1.2626,1.0895,-0.090416,0.40349,1.0595,-0.41616,0.58651
-3.321,0.89117,-5.6021,-2.9356,-7.6652,1.2515,-1.2678,1.0947,3.048,-0.55713
2.0342,0.92289,-0.15857,2.9461,-0.52173,-1.3657,0.72309,3.6132,-0.41187,1.1697
-2.6042,-0.57077,-2.0535,-1.8119,0.10935,-1.0619,-1.1461,-2.3754,0.097497,0.25903
-0.80555,1.9657,5.9711,-0.47246,2.8665,0.83572,0.43734,-0.17185,-1.9409,-3.5448
-0.024201,0.15694,-0.39634,-0.25299,1.662,-1.2458,0.51575,0.21846,-0.25428,1.793
0.73905,2.6087,0.26382,-0.40019,0.85238,-0.73463,-0.23424,-0.59858,-0.6318,-2.5451
-2.3733,0.33105,1.3407,0.076133,-1.0856,1.0036,-1.2155,0.55269,-1.9117,-1.0424
-5.386,-1.1287,-0.61649,-6.3272,1.8993,-0.24827,-3.5298,-8.6282,0.59992,-1.2006
1.2804,-0.16071,3.5402,3.0596,4.2195,-2.2583,2.7119,1.1752,0.60001,0.24836
-0.66223,6.4494,6.5675,5.3533,4.514,0.055152,3.2549,9.9024,-7.1852,-6.9481
2.3969,-0.41771,0.58281,0.29565,0.23788,0.84767,0.052443,-0.01299,-1.1713,-0.38811
-0.56551,-0.47447,-1.3325,1.8001,-0.94969,-0.65382,-0.62779,1.3883,-1.1407,-1.5411
-0.55167,-0.88196,0.47343,0.36447,-0.16196,0.060609,0.61079,1.4869,-0.85298,-0.13086
0.28088,0.81183,1.6732,0.75367,-1.7647,-0.041073,0.20997,-1.4905,2.1354,1.0837
2.8835,0.90399,1.5939,3.3365,-2.1307,-0.83724,0.55608,-1.9895,0.44198,0.35867
-2.4117,-0.65184,-2.4752,-3.0943,2.5704,1.8171,2.0924,0.66126,-0.32491,-3.456
0.90583,-0.19238,5.3521,16.347,-2.3663,-0.22217,-3.6192,-7.671,-1.6089,-3.4256
-1.9711,0.50078,0.55611,1.15,0.40525,0.042624,-0.13294,-0.30936,-0.14078,-0.95351
-1.7461,1.3708,1.5357,0.88265,-0.1025,0.59252,1.2356,-0.61851,0.16563,0.077634
2.4592,-0.95542,1.1966,0.86477,-0.89725,-0.18385,0.66725,2.2771,-1.0032,1.2438
-1.2534,0.025681,1.7425,0.87755,-0.6128,0.17265,-1.5521,-0.25867,-0.29204,1.0034
-13.291,-1.5834,-0.85579,-5.896,10.651,1.3172,3.6054,5.7766,-3.1831,-6.7538
-0.1144,-0.014801,0.72416,-0.15418,0.95804,-0.31481,1.0196,0.093241,-0.60725,0.016168
2.3704,-1.129,-0.82722,-0.057718,-0.73214,0.55046,1.7526,-1.1746,1.4759,3.248
-0.6868,-2.7089,0.68866,0.27246,0.80419,0.77531,0.60277,0.40942,0.43968,0.34302
-1.0531,-4.4638,-2.2658,-2.9366,-0.75227,2.3837,0.84573,-11.212,2.9086,0.84977
0.053641,-1.9444,-0.45297,-2.0397,-0.9015,1.1651,-1.2089,1.2812,2.9026,2.1329
-4.6353,-0.71057,1.5142,8.3825,1.459,0.61083,-3.1084,-6.2401,-1.2582,-3.4106
1.0767,0.42644,1.5873,2.1733,0.88375,-0.091082,-1.4118,-0.33382,-0.6351,-0.65193
-0.81662,2.1529,-0.12473,-0.29676,2.0923,0.44645,-0.080039,-1.7272,-1.2347,0.24436
-0.20121,0.97787,0.4937,0.28523,-0.60165,1.6325,-1.0522,0.076401,-0.75127,0.23737
-10.388,0.70039,-2.4556,-10.493,0.29308,-0.3762,-1.1638,-12.43,3.514,-0.42198
-7.1085,4.2716,1.0107,-4.3419,0.87454,-4.6564,-2.2518,4.0943,-2.1064,-3.904
-1.0072,-0.77791,-1.7786,-0.39093,-0.385,0.11663,1.3376,-0.66375,-0.3016,-2.1815
3.9964,-6.0886,-1.7616,4.1371,0.11158,3.4909,5.5975,-3.2814,0.15403,2.4023
0.37235,-0.4757,-1.9813,-2.4857,-2.0144,0.97175,-0.36686,-0.8459,0.54442,-0.33134
-6.8587,0.092906,-0.036903,-7.8813,-5.4957,0.60276,-1.858,-11.746,1.8423,-0.5407
-3.0296,-3.5187,-5.201,-3.3997,-2.2589,0.45661,0.7282,-7.1725,4.3182,1.664
-2.7069,-0.12801,-2.3976,-1.7163,-1.661,-1.207,-1.7016,-1.3027,-1.7773,-0.94604
-2.1533,4.3098,1.0726,-3.535,1.2139,-4.2151,-2.1746,5.0842,-1.833,-3.0083
-2.5813,-0.68419,-1.4901,-4.9163,1.2316,1.4804,0.32441,-4.0978,0.15625,-0.0062556
2.2521,1.1307,-0.27843,-1.3394,-0.036897,-0.74092,-1.725,-0.16993,0.49794,-0.082136
-2.6219,0.88155,2.7137,2.9875,-7.6645,1.0212,-2.6018,-16.57,3.3825,2.2847
-1.15,-0.32724,-0.3659,0.96757,-1.1834,0.73099,-0.4605,-0.30335,0.33642,0.12458
0.50524,-0.47431,-1.0527,0.41618,-0.32528,-0.82862,1.3164,0.87579,0.58601,0.44879
-2.4197,2.0813,2.2371,1.1941,1.4896,-0.5158,-0.49983,-1.2105,-1.6356,0.14016
-7.2206,-0.93052,-1.7109,-7.9655,-0.75314,-0.85499,-1.6262,-7.4837,3.0779,-1.8183
-0.14332,-0.4585,0.68658,-1.109,-1.3535,0.65709,1.2991,0.14851,0.60894,0.059687
-0.43767,-2.8036,-1.2837,0.57946,-1.3247,-0.85615,0.9405,0.72163,-0.22696,-0.0048087
-0.34107,0.70042,0.1146,-1.4835,-0.15694,1.4738,2.1754,-0.11226,-0.71132,1.2822
2.2566,-0.43894,1.2521,0.3411,3.0456,-0.91003,2.8867,1.4604,-2.0694,-0.4462
1.8474,1.569,-1.2765,1.0323,2.1636,1.0732,-0.90348,-0.19808,-0.4771,0.39871
5.9101,-4.2614,-2.9622,4.9843,-1.6383,4.0913,4.9773,-4.0106,2.8747,3.4339
-5.0282,-0.11314,-0.54508,-6.834,1.2083,0.86909,-0.082737,-6.3553,0.57368,-1.159
-0.46037,-1.1658,-3.0837,-10.001,2.0974,-0.87613,2.7457,5.2184,0.78861,0.087421
2.7317,-2.4938,-0.58773,1.7786,2.5976,2.6594,0.76279,0.23754,0.6029,2.6892
1.1014,-1.521,1.363,-0.6802,-0.28655,-2.512,-2.7145,0.43707,-0.8484,0.3055
0.40658,-0.79489,0.43735,0.75334,1.5968,0.56006,-0.74916,-1.0764,1.7993,-0.15862
-7.7798,-1.5708,-7.8382,-6.879,4.873,2.0313,2.7258,4.5278,2.0477,-3.3283
0.39838,-0.50623,-0.47979,1.4519,0.30478,0.74029,2.1212,0.33158,0.083705,0.70085
-1.2292,1.9311,2.8521,11.333,0.62403,1.0549,-2.5167,-5.3757,0.3741,-1.3391
-0.38928,-1.734,-3.905,0.11485,-2.5799,-0.18061,-2.0496,-2.1631,2.7107,0.38507
-0.11379,4.6595,7.9414,3.6555,0.16032,0.22084,-0.61744,-1.5563,-3.9291,-4.1824
-0.90944,1.2355,-0.6274,-0.31329,0.38208,-1.4966,-0.36357,-0.81029,-0.34577,1.3887
10.626,-2.5558,-0.6935,4.7479,-7.613,-1.3742,1.0634,-5.2244,3.3048,8.3497
12.061,1.3782,1.9296,11.565,1.5575,-2.4447,3.2694,10.25,-3.8081,1.431
-0.3093,-2.4352,-0.0028087,0.12519,-0.28097,-0.43521,0.046497,-1.0688,1.5794,-0.19433
0.66841,0.36992,1.8362,8.7215,-0.6416,-2.3353,0.053394,-4.0197,-1.6582,-1.7696
1.2585,-3.0388,-4.8184,-2.5419,-2.7622,-0.54576,0.27621,-2.1922,3.6667,3.3017
-0.088017,0.33804,-1.9763,-0.23221,-0.58748,-0.32272,-1.1661,-1.1306,-1.386,-0.3088
-0.82206,0.80449,1.3994,-1.1784,0.649,0.75973,2.3121,0.98464,0.5618,0.61877
7.6188,3.875,5.0498,4.8634,-6.4153,0.57785,-2.6892,-2.2388,2.4509,2.2104
-1.2901,-0.011956,0.5296,2.518,-0.51822,0.44988,0.35015,-0.92814,-0.19428,-0.73078
0.64349,0.81066,-1.0795,-0.22281,-1.0382,0.96022,0.43318,-1.2552,-0.69922,0.21175
-3.08,2.6437,3.6471,3.467,3.5514,-0.038822,1.2137,1.2475,-2.1855,-5.6859
0.38903,0.60956,-2.6095,0.83154,1.4929,-0.77316,1.4211,0.11533,0.30167,1.7267
0.056352,-0.71423,0.34475,0.72792,0.60145,-0.95432,0.63209,0.067954,0.36243,-2.7709
-1.593,0.54165,-0.99229,-0.68439,-0.50947,-1.4348,0.93766,-0.39343,-0.24225,-0.51593
4.8272,-2.3461,3.7991,3.9282,4.3992,1.3791,1.2915,-0.84729,-0.13716,0.2994
-1.4759,-0.53708,-0.67511,-1.1107,1.0917,-0.51408,-1.2723,-0.61928,0.52152,-1.022
12.18,0.66132,1.2758,10.297,0.73352,-1.4837,1.6136,12.631,-4.2096,0.63496
-5.3084,-0.40005,0.47881,-5.3376,-1.9509,-0.29791,-0.53683,-2.908,1.5214,0.62608
-5.8768,-2.3082,-2.6737,-3.9034,3.9787,-0.42844,0.31217,1.0633,1.1688,-2.2029
0.53782,1.8045,-1.3245,1.5046,0.25027,-0.59949,0.6776,-1.1506,0.026717,-0.45588
-0.54572,-0.7739,1.9986,0.0059998,3.3768,0.919,1.7022,1.6891,-0.76909,-0.36494
-11.905,-1.0233,-3.9539,-11.519,-3.0175,-1.2193,-1.7063,-13.274,4.9649,0.63986
1.579,-1.3177,2.7422,3.1453,3.2155,-0.81878,1.1808,0.30195,-1.326,0.85958
5.9319,-1.6595,-1.4484,5.505,-0.66348,1.0893,1.7148,0.84454,0.84731,0.72477
-2.5388,-0.33533,1.0876,0.25039,0.32449,-0.68317,-1.1117,-1.1221,1.1119,-0.58138
1.2974,0.028913,-0.62916,-0.56042,-0.92289,-0.93823,1.8505,1.0371,0.044726,0.46401
0.83043,-0.065644,-1.0592,-0.71204,-0.3806,0.15594,-0.96922,-1.1622,-1.3115,-0.61521
5.6839,-0.32649,0.43591,3.8086,2.694,-0.15134,2.0608,5.3526,-2.0866,0.98713
0.46743,-0.46127,0.56405,0.032209,0.17414,0.42957,0.39242,-0.85756,0.57049,-1.3459
1.1429,-3.4106,-2.8004,-1.8497,-0.96417,1.7733,-2.3393,-1.9512,1.4516,3.2075
2.0819,-3.7091,-4.7765,-0.99927,-2.4195,-0.057238,-1.6339,-0.37459,2.7764,2.6359
9.814,-11.137,-12.178,-0.9085,-9.3022,1.7393,-2.0364,-3.9035,8.9543,11.138
-2.4622,-0.6556,4.7362,10.331,-1.602,-0.74637,-2.4595,-6.37,0.32023,-4.9443
-1.1266,-1.0795,-0.37432,-0.54464,0.25117,-0.37514,-0.17824,0.76958,0.61362,-2.7815
-0.84988,0.2747,-2.1052,0.41516,-3.2062,2.3494,-0.75446,-0.54307,0.61573,-0.70729
1.2291,0.52611,-0.11796,-0.28232,0.62939,-1.1323,1.3161,-0.91462,0.3177,-0.82464
0.38539,-0.15624,-0.039724,1.553,0.2215,-0.43482,-0.20562,1.0086,0.67159,-0.84994
-0.48734,0.11486,0.21053,-0.4501,0.65145,-0.28106,0.20933,0.22421,-1.2901,0.18103
-0.74682,-1.1404,2.9268,4.8913,1.7472,-0.83321,-2.3837,-2.5032,-0.82701,-1.1659
-0.63913,1.107,-2.9949,-1.4484,-1.0696,-0.89322,1.3211,-0.0043363,-0.37339,0.69117
-6.7117,-1.8948,-2.5611,-4.2327,5.5054,0.16513,1.1682,1.7468,2.3666,-2.3072
-1.0164,2.1926,0.84464,3.2601,-0.5816,0.45918,0.22222,-3.3974,0.67621,0.11011
1.4275,-0.54517,-0.12545,0.19929,-2.5937,1.0413,-0.81389,-0.64637,2.0989,-0.30008
3.0994,-7.4255,-10.324,-2.2824,-6.4421,-1.8019,-1.9899,-3.0625,4.3746,9.1336
13.664,-13.144,-3.8963,9.6397,-4.4906,6.662,7.8878,-7.5301,1.977,6.4408
3.2063,-3.8126,-1.9272,2.2855,-0.96077,2.477,2.0309,-2.8629,3.8508,2.8637
-1.6629,-0.10733,1.5312,-0.55943,-1.1061,0.45363,0.22815,1.0683,1.6836,-0.34298
-2.3218,1.7331,5.7898,-0.3727,7.0619,-5.8388,-3.1697,2.8226,-3.0566,-0.45618
0.92431,-1.797,-0.057216,0.12305,-1.1484,-2.1559,-0.62962,0.23038,-1.5807,0.41301
1.0798,1.1444,0.33836,-0.76185,0.56771,0.57252,2.1435,0.67638,-1.0153,-1.9329
-0.95658,0.5567,-0.072121,0.60088,0.6658,-0.75956,-0.31136,-1.1754,-1.6665,-2.0373
-2.3351,2.8453,-1.9282,1.1187,-2.3355,0.59991,-3.8589,-0.53107,3.0321,0.17419
5.0513,-6.4304,-2.8695,5.1639,-2.7925,4.5233,2.774,-2.837,-0.22953,4.0188
-1.7668,-5.282,-3.7564,11.586,-5.5293,-0.95683,-4.4934,-9.8932,3.3844,3.2498
0.99085,-1.1666,-0.6777,0.95098,-0.43739,0.80964,-0.39285,0.0098759,-0.014586,0.6872
-0.3737,1.3161,1.0583,0.66366,0.4278,-0.34607,1.5291,-0.7005,-0.62865,-0.72829
0.67541,-1.0885,0.33269,-1.1285,0.69714,1.4236,-1.3066,-0.54492,-0.10563,0.78751
-3.9086,2.2469,0.15861,-2.8291,1.8824,-2.0628,-1.5317,3.205,0.65952,-1.8917
2.3234,2.5002,1.7802,1.8392,-4.7558,-1.4444,0.51081,-2.7683,0.39622,2.9776
3.2471,0.48026,2.6705,3.0205,2.1444,-0.93986,-0.1152,3.2473,-1.5841,1.0803
-3.452,-1.6307,3.3989,11.118,-0.40681,0.10358,-2.2316,-8.1461,-1.1246,-3.6626
-3.5772,-1.0088,-1.9448,-4.5598,-0.99766,-1.4555,-1.8031,-5.3588,2.2219,-1.2405
0.044597,0.023166,1.6989,2.8726,-0.03404,-0.28242,1.8485,3.1679,-0.80073,-0.87441
-0.93968,1.2837,0.57765,-0.493,0.62147,-1.5672,-1.6607,-1.0814,-0.9228,-1.0064
0.96638,-0.95146,0.81431,-0.6776,1.2155,-0.017963,0.54691,-1.7658,1.0423,0.032812
-4.92,-0.12578,-2.0376,-5.2912,0.97649,1.1613,-2.6573,-6.4208,2.7464,-0.64626
0.50998,-1.7126,0.18947,-1.3474,-0.52491,-1.6307,0.16806,-0.010202,-0.88928,-1.6407
0.62853,2.6044,-1.8463,-5.2837,0.56871,0.36053,0.32168,4.2876,2.9498,-0.92883
-0.6875,-0.079819,-1.0746,0.13769,1.9381,-0.3809,-0.89113,-0.91657,-0.50225,-0.24122
0.012375,0.28371,7.8689,3.0002,5.6754,-0.77999,1.833,1.1048,-3.6044,-2.7952
2.6312,-2.0028,1.7809,4.3024,3.1723,-0.68737,2.1595,1.2579,-1.0464,0.31467
5.5078,-0.8863,2.4088,1.9965,2.1043,-2.1376,0.24899,4.6141,-3.2794,1.1039
0.69404,1.7694,0.69376,-15.272,2.0496,2.2354,5.965,10.431,-1.6312,-3.396
4.8609,-3.4153,-2.8334,3.0402,-3.8652,2.9204,6.2203,-2.9789,2.2733,2.7018
-0.87525,0.72388,0.27996,-0.044185,1.1103,1.3342,1.2785,1.1636,0.88189,-0.93702
-4.9171,4.2677,8.0689,0.63889,4.6227,0.048701,1.6193,-0.60243,-5.0771,-5.4206
0.25308,1.1357,2.4185,0.32743,0.094898,-0.10336,-0.19852,0.077407,-3.5281,-3.378
-0.86081,1.703,0.43746,0.098906,0.080183,1.0067,-0.9023,0.58566,-0.99371,1.4947
-1.447,5.5219,11.285,1.8901,2.7076,2.0607,-0.10201,-0.91477,-6.5521,-4.6961
2.781,1.4776,-0.85192,-9.0775,1.7737,1.5616,2.0965,5.6463,1.1017,2.0891
1.6199,0.31862,-2.9581,-8.9501,-0.41961,-0.043319,3.9713,6.1074,1.826,2.6899
-10.319,2.0641,-1.1615,-7.4618,0.25556,-1.8313,-2.0791,-3.3637,-1.0884,-3.6694
1.8599,1.6179,0.14685,1.5291,-0.81009,-1.1335,0.59112,-0.95082,-0.18714,0.6913
1.4855,-0.90696,1.6133,0.24821,-0.03161,0.80747,1.3452,-0.69421,-1.4744,-0.47467
-1.7948,-0.18298,-1.0905,-0.24549,1.0439,-1.2907,-0.43698,0.25649,2.2326,-1.4584
-1.3653,1.7029,0.43695,-0.30294,0.99303,0.74081,0.76692,-2.4532,0.20043,0.23241
1.8419,-1.2592,1.4164,0.53541,0.53138,-1.0308,-0.28912,0.019817,0.46723,0.64749
0.60598,-2.8566,-1.5428,-0.40717,-1.7919,0.5842,0.10804,-0.49786,3.6532,0.85061
-2.0722,2.3747,0.86347,6.7901,-1.7527,0.99156,-2.4127,-2.7867,0.34508,0.20818
-0.58102,-0.7869,0.57687,-0.29934,0.5952,1.4633,0.0043488,0.2452,1.6571,0.063318
0.84419,1.2135,-0.18616,-3.1343,-0.15665,-0.78735,0.36248,-0.17845,-1.6162,-0.35531
-0.48757,-0.35752,-0.18082,6.4525,0.84959,-1.0682,-1.1405,-2.9768,-0.83345,-1.064
10.736,-3.9357,-3.9585,5.424,-10.944,5.2196,0.34826,-7.0117,3.2192,6.1977
-1.2009,-0.49674,0.10245,-2.0462,1.2472,-0.17566,-1.6563,0.36025,0.5428,0.24998
-0.99439,1.1926,-0.72407,-2.7989,1.4367,-1.7267,-1.4716,2.3756,-0.1667,-0.77142
-1.0831,-0.47976,2.0384,6.194,-0.29841,-1.6836,-2.8606,-5.0618,0.11591,-1.595
-1.2908,1.3332,-0.75953,-1.2679,0.23892,-1.835,-0.48896,0.99377,1.5394,0.67325
0.2494,0.010207,-1.7015,0.33704,-0.72424,-2.256,-0.17569,-0.24314,-0.52646,-0.70899
-5.6498,6.8021,11.472,6.2433,5.6354,0.72601,0.74524,-1.8465,-7.1691,-9.0072
1.2482,-1.3302,-2.0286,-1.331,-0.14806,0.18818,0.1747,-0.6169,2.3105,0.93897
7.972,-0.31504,2.0417,8.4547,0.67918,0.35357,1.498,6.8833,-1.2479,-0.56295
1.6048,-1.2823,4.0734,4.107,5.6043,0.16268,0.26666,1.7056,-1.3445,1.8404
0.43632,-2.0228,-0.95909,2.2454,-1.3628,-0.023793,1.9675,-3.8034,0.381,-1.3147
0.73147,-0.11849,1.4981,0.23024,0.40169,-0.14677,-0.50721,1.1833,-0.39128,2.8787
1.5673,-0.13753,-0.39217,0.36957,2.0371,0.6602,1.2287,0.32428,0.46541,-0.057157
0.48152,-0.24344,1.0026,-1.2507,-2.2205,1.0739,-0.23142,1.4992,-0.1376,-0.44192
-0.14765,-0.62632,0.073136,-1.5285,-0.063126,-0.046659,0.56722,1.7363,1.0466,-0.35771
-0.014982,-0.5201,1.3768,-1.1807,0.54425,-1.047,-1.8939,-1.1157,-0.97292,0.41369
-1.4787,-0.25456,0.32306,-0.11144,0.49391,0.7366,-1.1215,-0.25537,-2.8858,-0.15112
-3.707,-1.9741,-3.169,-3.9573,-1.11,-1.1717,-1.5579,-3.6943,3.125,-0.020552
2.9371,-0.69704,-0.7795,-2.8526,1.3913,1.5452,0.69684,0.86529,-0.47071,2.6362
-1.0658,0.22561,-2.9042,-1.6713,-1.5064,-0.79001,-0.74575,0.8967,0.33905,-1.6188
-1.8302,-0.010674,-0.59482,-1.674,-0.88959,2.3349,-0.79588,-2.3508,-0.094475,1.2735
-0.66942,1.9628,-0.27941,-2.355,0.06984,-1.3108,-2.3121,1.0913,0.93629,-1.1776
-2.7985,0.2006,-2.1615,-3.7975,2.4865,0.68657,0.88519,-3.8036,-0.23824,-1.0617
-7.6557,-1.5136,-6.8291,-5.4278,8.2675,-0.55693,3.2477,6.3944,-0.17424,-2.1732
0.58329,0.80456,-2.5411,-0.90533,1.7635,-0.3708,1.1594,-0.78585,-0.30168,-0.16437
-0.58961,3.4271,0.55014,-2.2111,0.88756,-1.5562,-0.77172,2.6716,-1.3149,-0.85354
11.813,-10.594,-14.27,-0.47183,-9.2403,1.0686,-0.35992,-5.1321,8.2167,12.382
3.7524,0.3239,-3.4546,-13.178,2.1761,1.8783,2.5385,9.9824,1.9585,3.2963
-1.4808,-0.6726,0.62383,-0.6906,1.4005,-0.84119,-2.5016,0.16608,0.50811,-0.46442
-1.1098,0.37971,0.37128,-1.1501,-1.9046,0.0052919,0.25943,-2.4467,1.5932,1.6482
-5.9719,-2.9125,-1.8974,-4.4792,7.3264,1.2317,1.7029,3.5441,1.4939,-0.75515
5.6053,1.7497,0.97043,5.1854,0.18467,-0.3458,2.1939,6.5285,-2.5143,0.44118
-9.3841,5.7347,0.21745,-5.8415,-0.41374,-3.8558,-4.0877,2.1001,-0.34269,-3.6282
0.64228,2.0744,-1.6395,0.0061444,-1.2142,0.64843,4.1119,0.6201,1.5157,0.88589
-1.6782,0.61684,-2.016,0.27865,1.1883,-1.6448,-0.022309,-0.011789,1.1604,-0.64745
2.9986,-1.4971,2.5635,0.64733,4.325,-1.6541,0.60042,0.90368,-1.1656,1.1433
-5.1711,-0.033214,-0.97911,-5.6676,-2.126,1.8756,0.41814,-5.2469,1.5911,-1.3578
-1.89,1.5689,-7.1574,-3.7846,-5.5233,0.10191,-1.3851,-0.64922,1.8529,-1.7018
0.50808,0.018211,1.319,-0.67077,0.05095,-0.61057,-1.0577,1.3905,1.0428,-0.55704
1.7084,2.4646,-0.87206,0.57955,0.3184,-1.8727,-0.054053,1.2128,-0.020541,0.01341
-1.7616,1.0816,-0.077785,-0.19883,0.42393,-0.87998,-3.8282,-0.87732,-0.40951,0.80121
-0.58516,-0.6374,-0.18006,1.0823,-0.46459,-2.6895,1.3353,-1.8341,-0.022954,0.4256
0.62072,-0.77987,0.070013,0.25492,0.12435,0.47461,-0.68095,0.13148,-1.0698,0.70206
2.8877,0.79086,0.65974,2.6542,0.23357,0.29968,0.44445,4.9734,-2.118,0.075484
1.8525,0.58949,1.6053,0.64602,1.9026,-0.24157,0.82605,0.37888,-0.96379,1.6336
-6.5574,-0.56879,-1.8105,-7.5021,-1.0602,1.2859,-1.1171,-6.6128,2.0515,-1.3081
8.2748,0.36306,3.3834,8.8326,-1.0693,0.90183,-0.075387,2.1119,-2.8766,2.9026
5.5388,3.5313,3.9645,6.9237,-6.0709,-1.1362,-1.3091,-4.2788,-0.65046,2.8794
0.73373,-1.3328,0.30627,-0.39808,1.6699,-0.41337,-0.29434,-0.38926,0.88791,-2.1465
1.244,-0.51453,0.047687,-3.4668,-0.0069817,0.86948,1.0184,2.3889,0.28343,0.62407
10.152,-8.083,-4.2113,5.9838,-3.7639,7.273,8.1631,-4.5318,3.3058,6.5681
-5.32,1.0547,-1.7284,-4.7096,0.12613,-0.5541,-0.48989,-5.6639,1.7048,-1.5408
7.924,-10.789,-3.5957,2.855,-4.3858,4.9392,4.1263,-10.991,2.857,4.6149
2.1094,-2.7983,-0.93209,-5.2523,-0.80043,-0.69876,2.0526,5.084,1.4504,2.4165
1.2787,0.96331,0.20911,0.14253,0.47797,1.5313,-1.2176,0.53657,-0.56979,-0.30924
1.9024,-0.36249,2.3991,4.3484,-4.8827,-2.3973,-1.3851,-1.6425,2.4461,1.7748
-3.6904,-1.319,5.3932,-4.8468,4.9318,-0.43861,-0.49359,-6.7016,0.70317,0.26994
-1.7611,1.6759,1.7771,7.2612,0.09826,-2.176,-2.4692,-5.0838,-2.1053,-4.8268
0.53782,1.5656,15.359,10.503,6.4615,10.703,9.0069,-3.2633,-9.2953,-9.1706
-0.3085,0.54906,0.54787,0.48294,-0.73438,0.49155,-1.702,1.1086,0.49704,0.21799
-3.047,-0.27294,-0.90941,-2.922,0.52017,-0.13763,-1.3837,-2.7205,-0.87201,-0.36784
0.99838,1.2449,-2.0804,0.12406,-1.9189,-0.27645,-0.28094,0.61111,0.31669,1.1276
-1.2705,0.17132,0.06991,-0.93294,-0.81979,0.87574,-0.52442,0.039307,-0.74624,0.14236
0.031821,-0.86752,1.1713,-1.2453,-1.5981,0.16215,1.6837,-1.1119,-0.54232,1.3147
1.5957,0.54993,-2.3061,-3.5312,2.0369,-0.66509,1.0896,0.31485,-0.27303,1.2079
-0.52609,0.58503,2.3406,2.3822,-2.0866,0.72989,-1.9749,-0.12798,-0.62801,-1.8773
-4.5731,1.9498,1.027,-2.162,1.1461,-0.44639,-1.7291,3.054,-2.3313,-1.9453
-2.7723,1.0266,-4.9342,-0.89108,-6.0992,1.3451,-1.8271,0.86201,0.63052,-0.26948
0.90202,0.52978,0.83651,-0.18563,-0.7214,-0.049935,-0.22844,0.41637,-1.0462,-0.36023
-0.22645,-1.7544,-0.17624,0.13009,0.92117,-0.25637,-1.0481,0.20644,-0.35352,-0.45377
-0.90312,1.3746,1.3152,-1.0737,-0.51341,0.094852,0.37344,0.63713,-0.27084,-0.25403
4.2536,-0.9111,0.72917,4.6153,0.37228,1.9113,1.2581,4.1745,0.50539,-0.52436
-16.975,6.5786,-0.51654,-14.35,-0.32885,-6.4459,-7.5556,-3.0284,0.77611,-5.97
-0.35716,2.3876,-0.92462,-0.48409,0.13249,-0.10606,-0.89405,-0.38605,0.8267,-0.21427
-0.10833,-2.3973,-2.381,4.5401,-2.5944,-1.0168,-1.9056,-2.6278,1.9404,1.2477
-2.6858,0.57548,0.91203,-1.615,-0.065804,-1.7542,-0.96967,0.74798,-1.4711,-0.19182
-0.22349,0.27082,-0.19804,0.58937,1.1865,1.6362,-0.11284,-0.040458,0.11707,-1.3943
2.3933,2.2555,-0.71086,-6.0271,2.0747,-0.55619,1.9925,5.5656,0.91764,1.2728
0.3301,-0.12728,-1.0578,1.3515,1.3769,-0.22002,-0.40851,1.0079,0.39156,1.5251
4.4439,-6.8099,-11.482,-2.7667,-10.115,-2.4298,-2.9325,-8.5152,10.71,11.621
-11.713,0.42657,-2.7334,-9.0855,0.34759,0.61911,-1.6287,-12.084,2.4509,-0.42818
-1.1315,2.0242,1.7582,-0.11494,1.1456,1.0014,1.0822,0.76797,1.4343,-2.2397
-4.5703,6.8915,11.492,4.1609,6.9122,3.223,0.62549,1.4883,-9.5198,-10.822
0.27099,-1.4197,-1.6654,-0.32052,-0.21555,-0.18754,1.2919,-1.9766,-1.2911,0.70464
3.0033,-6.1262,-5.8132,-1.2281,-5.7864,-1.5266,-0.15313,-3.541,4.136,5.7152
0.27638,0.16782,-0.72856,-0.46136,1.1191,0.050117,-0.31006,-0.7532,1.414,0.9036
-5.1907,5.7621,2.747,-5.7187,-0.34062,-4.9291,-4.1476,4.7584,-1.0232,-2.4534
1.2951,-0.25897,0.026155,-0.20383,0.073232,1.1215,-0.019737,-1.2258,-1.6273,1.1757
-0.77505,1.2769,-0.049545,1.0979,-0.99878,1.5668,0.94016,0.14774,0.30128,1.4651
0.58616,-1.0664,2.9053,-1.4962,-0.5822,0.35047,1.1296,0.20982,0.11847,0.70538
0.049061,-0.84382,0.4517,2.0878,-0.9409,2.5501,-0.76811,0.46249,0.43545,2.144
10.764,1.0587,2.7125,8.6388,1.3063,-0.57153,1.6312,9.8885,-3.077,2.5699
