-1.1749,-6.7013,-3.142,0.66245,-1.6105,0.73826,5.0531,-4.6701,-2.3697,1.6436,-0.32809,2.4596,-0.99938,-0.72135,5.9964,1.0024,-1.7313,7.3371,3.469,0.97846,-0.55245,-4.6905,-0.91271,6.7282,0.44507,2.1763,1.1101,-0.98322,-3.0428,-1.9714,-0.79007,-7.9287,-1.3748,0.20555,1.5909,-1.1086,-2.4143,0.050205,-0.88946,-4.0097,29.151,-1.2805,3.1863,1.6148,-10.349,-1.6921,-0.31827,-2.4868,0.47603,5.3898,-1.964,-0.83036,-1.0305,-0.19259,0.72926,-1.1263,-3.6152,-11.448,-0.091116,-7.4732,7.6079,-2.1922,-1.2535,-0.06542,-1.162,0.56768,-0.60175,-6.9224,-2.0081,0.018757,6.7148,10.309,0.49136,-8.0018,0.6923,0.0062558,2.3591,-1.3285,-4.9256,2.7795,13.939,-3.0699,-0.49876,1.7161,-6.2132,2.439,-0.28526,-0.35668,-1.0111,4.0879,0.47709,4.012,1.3946,0.51066,-0.14601,1.2865,-2.1304,-0.31892,0.89608,0.99434,2.2644,6.867,4.9469,-0.68921,-1.2637,3.8408,8.7994,1.1254,1.6374,0.31907,-2.9655,-0.79765,-7.3243,-3.6434,0.25915,-0.84856,-2.9792,0.98287,0.019453,0.77607,-0.36878,2.0805,6.6393,-12.61,-4.8448,-2.2989,12.91,-2.8208,-2.3338,-2.6232,-0.095898,13.091,-0.61448,-2.5091,1.7353,-0.71719,-1.4099,-2.5934,3.1575,-2.9394,-0.48862,-12.298,-0.94235,0.10667,14.256,-5.7754,4.1396,-1.9466,-0.1143,-3.6883,-0.44323,-9.7677,6.1984,-18.057,-1.2971,6.2741,17.172,-0.37142,5.2015,-2.1264,7.1511,3.0456,-4.0047,-1.978,-2.0509,-1.1293,2.174,1.5617,-6.2225,0.047986,0.81526,2.3296,-0.97136,2.0397,-7.8035,1.6081,1.3828,-0.088159,-1.4835,-2.467,0.76837,-1.6303,0.073924,7.1478,3.3559,-12.322,-0.32275,8.579,-6.9897,0.17225,-3.0007,21.202,1.9516,1.6534,-4.9678,2.8572,3.6073,-0.16321,-5.2503,15.618,-1.0212,-22.117,4.4441,9.0541,-0.84711,-5.9324,-1.2055,-0.80963,-24.672,-3.0348,-8.5782,-7.5893,8.1742,3.7546,0.49823,-5.3648,-2.3536,-0.88519,2.2799,0.20102,16.242,-5.5996,2.0181,19.501,20.9,1.2787,4.1157,-0.38017,8.3381,-0.055125,-2.6843,-5.0152,0.90973,-5.6649,1.4129,-2.4477,0.26218,-0.076575,-0.71621,1.8221,-1.9444,3.9873,1.3783,6.6991,-1.0875,-0.44245,-1.2731,0.090381,-1.5238,-3.3116,2.9975,-1.2241,0.86585,3.4984,-5.0527,-1.3015,0.020757,3.4796,-1.9962,-16.107,0.092034,16.093,-0.32312,-0.14914,2.0295,2.0064,3.6866,2.2422,12.631,0.47543,1.5897,0.8497,1.8055,-5.6268,0.040109,1.8748,-1.9907,-18.688,-1.3986,5.8189,2.7258,-0.0019733,0.41102,-20.817,12.293,-2.0706,-11.901,0.59966,-19.016,-16.629,-4.9613,3.5787,-3.5973,-0.57225,-9.2927,1.6947,-0.031996,1.9977,-15.885,-0.092381,0.15674,-0.079918,-1.5766,1.2044,-2.4464,-11.817,-9.0195,-2.4825,-0.65105,-0.23496,-0.3721,1.301,13.868,-1.1758,6.4889,-0.55592,5.0612,22.375,0.72382,4.7088,-5.243,-0.020774,0.42294,11.616,2.1492,-0.57742,0.44719,0.96696,-2.6341,-0.64466,-2.1141,-0.57528,21.486,-7.9634,-8.0092,2.2695,-1.8854,-20.311,3.2604,-0.14633,0.36875,1.5475,-2.3981,5.5739,-1.0098,-0.51124,1.3217,-10.547,5.4808,0.23702,4.0997,-1.2749,-0.90755,-0.043514,8.3317,-0.3124,-6.2348,2.7297,0.16018,-8.2854,-12.048,-2.898,-0.086299,-0.97862,-2.2948,2.3948,-1.3237,4.3991,0.93754,2.6574,-0.47996,1.0871,-0.51149,9.5206,-0.013064,-1.044,8.8381,-5.0228,-0.47234,-1.6511,-0.37672,-10.399,-2.4665,-7.7166,-0.3538,2.0395,2.3169,5.2792,-13.276,-8.3975,0.23313,1.4469,0.69512,0.040772,6.0319,-7.9951,-5.6885,-6.2564,0.14597,0.99695,-2.3366,-1.0317,-2.6019,-1.1593,9.0185,-0.35461,-5.9178,8.0763,-2.7094,-1.6102,0.80114,2.1354,1.8006,-2.4553,10.464,-0.099719,12.892,1.4921,-3.4857,2.9492,1.0899,0.58137,2.3029,-2.1154,-0.95599,-10.814,0.42074,-0.49635,1.4669,2.5767,-2.9663,-0.75973,-1.4333,1.5287,-7.151,-3.7666,-1.2481,0.65079,-6.5571,11.639,7.1474,2.4877,-1.272,-4.9298,-5.2792,-1.0242,-0.88499,-1.2235,1.5171,-0.08388,0.22015,-3.0339,1.9383,-12.008,9.2931,9.0388,0.98074,-5.0031,-5.5148,-2.6892,-20.364,-1.8837,0.054013,5.0657,-14.76,3.4996,4.2671,-0.23659,-0.5551,1.6107,-0.72768,-0.55518,-5.4833,4.4377,5.516,3.5187,0.28651,0.12376,-0.082692,8.0232,-12.171,-0.86494,5.918,0.43526,1.1406,1.8498,-0.70723,-12.454,-18.696,-1.9087,7.6817,1.0045,-8.3411,-1.4003,11.502,1.1069,-0.78159,-3.1843,0.18617,19.895
0.67932,22.372,-0.64639,1.5275,-1.6081,0.92703,-6.0348,7.3605,-0.90121,0.056236,-0.6513,-1.8082,4.5359,0.70739,-12.545,-1.143,0.14336,-6.8724,-1.4549,2.054,1.1165,3.2642,2.6261,-0.9647,-1.1468,2.0375,-4.8111,-2.0457,1.2482,-0.21917,0.29735,8.721,-2.7033,0.93518,-2.2528,-0.40449,-4.8034,1.2396,0.064368,2.7223,-0.39428,1.3862,-2.4024,-3.0154,-0.65921,0.15661,-0.093104,0.4929,-2.5477,-12.031,3.6712,1.1854,0.061074,-0.36646,-0.15999,-1.1756,2.8576,15.474,0.47829,6.785,-3.3146,1.5305,-0.53479,-0.55034,12.247,5.4002,3.4323,5.4014,-0.69201,0.87933,-9.5282,-3.7247,5.4818,11.627,-1.0853,-0.85297,9.3175,0.23062,-1.6605,2.5416,-28.975,5.0144,7.4804,-0.19132,5.0874,-1.6864,-0.1213,-1.4539,-0.32472,-10.583,-1.3024,0.094831,1.0874,5.2424,1.1434,1.8886,4.8069,-0.80951,-1.6082,-0.49852,0.97288,3.1522,-7.7273,11.02,4.6866,3.6778,-1.7805,-4.4764,1.855,1.7506,-3.4725,-0.87445,5.78,4.0107,-0.083496,3.6642,4.3717,-0.44291,0.25262,1.1196,-1.3136,-0.25854,-5.3913,10.613,11.683,-1.2708,-1.4398,1.3031,5.6414,-4.0846,-0.078993,10.033,0.52411,0.021827,-0.071084,-0.64638,-3.2987,6.4292,1.0898,0.91311,0.3731,-0.52124,-0.13089,-0.31401,0.65612,4.7333,0.9071,3.7649,0.24631,3.1093,-2.0183,3.4455,-10.635,18.394,-1.0793,-1.1831,2.9884,-0.90884,-10.987,1.6676,-12.493,-2.2553,-3.5883,1.3952,-1.5659,3.0386,-0.96266,-0.18992,10.096,-3.0945,2.6616,-0.54636,-1.1226,-3.0097,10.385,1.0965,-2.5862,-0.74719,1.5355,-3.653,-5.5239,-0.38221,2.2638,0.41413,2.7765,5.1659,0.68047,-14.361,3.4753,0.63061,5.0591,19.818,19.94,-1.0241,2.932,-4.2583,-1.0479,-2.2977,10.369,-10.37,0.087517,11.601,-6.4405,-11.057,-0.01469,6.4204,0.064362,1.1792,-5.645,-1.0407,27.766,-4.4683,-6.3913,-7.4052,9.7043,-0.45618,1.9942,1.218,2.2957,-0.49323,-0.7003,-8.7058,2.4038,-22.897,-6.9265,2.9097,1.6842,0.62721,-3.5927,0.52612,2.7378,4.6709,-0.099878,7.7894,0.17159,-2.425,-0.29142,1.5926,-0.39246,0.77539,-6.6789,-9.0232,2.7568,4.8875,-0.54238,-0.60029,1.6873,-6.5311,-0.04553,-1.3998,-4.1467,1.0396,-13.507,1.4457,-2.8439,1.1944,-0.23,-4.4936,-3.0664,-2.6506,9.1015,-4.289,-0.57499,-4.5351,2.315,1.6252,-6.1317,4.9625,-13.603,0.37637,1.2289,2.5629,0.90159,17.37,-0.14221,5.6394,3.5756,-1.3321,1.8146,-7.8986,-2.7037,-0.9926,-1.2789,-3.2568,-5.9889,-1.7851,7.4366,-1.4126,-5.7195,-5.3979,-6.6644,-2.0485,3.1452,-1.7578,-17.286,-1.4538,-1.5817,-1.1279,-2.4381,1.3601,-1.4511,-0.13731,4.646,-1.6769,2.6202,-0.8869,8.625,2.3348,-0.76627,-0.71156,13.002,-0.24119,-11.494,-0.14895,-10.567,1.0485,-0.93048,2.2359,0.0967,-6.1462,7.5513,0.01807,2.4313,-10.759,-0.32074,-2.42,-5.2758,3.1538,-1.4493,-0.49767,9.2773,-0.4743,2.3031,-0.77839,9.307,-1.2861,4.0624,-1.9103,0.37527,-3.2875,-0.84291,1.9323,-1.7704,5.1806,-0.23645,5.7768,2.0975,7.8573,-9.3472,0.34914,-3.0351,-0.18922,-0.83241,-0.45204,1.3757,-1.2415,10.464,1.0639,-0.83396,5.6858,8.0094,2.0962,-0.86111,12.243,0.030196,1.2214,-0.66966,-9.3387,2.9688,-4.8265,-0.17575,-1.2195,0.20283,-0.86954,-8.2745,0.78854,-9.3728,-3.8374,-0.15712,-1.9761,0.13918,-1.1911,-1.6891,-0.82999,-0.2224,7.6518,1.7915,6.8804,10.523,5.4118,1.3515,-8.5122,-1.6381,-0.28211,-8.8351,5.4416,12.161,-5.7942,-0.87435,-0.24857,1.1366,0.8761,1.823,7.2634,-6.7741,-0.32543,2.0796,-4.9087,-10.557,0.26558,2.3769,-7.1701,0.2508,-0.88213,-12.271,1.5812,0.64299,7.8631,-1.6275,2.9714,-0.95528,2.2689,1.9293,3.1021,0.34377,-2.0225,4.5123,-2.5361,-3.7662,-0.32352,2.1289,17.289,0.164,2.595,11.727,17.756,1.1627,0.97881,15.268,0.78255,-8.8566,-0.3808,1.5517,7.1762,-0.1096,-14.277,1.4052,-0.050117,1.0563,-0.030505,-0.52963,-1.6974,3.3192,-3.0795,-2.9786,-14.014,-0.17648,1.8676,7.6791,-3.9132,3.9647,8.1644,-0.72201,-4.1983,11.376,-13.695,-4.4195,-0.12318,0.36584,-3.512,-0.93771,2.3349,0.72237,-2.8023,-2.6298,-11.326,-0.34287,-0.368,0.0054252,0.51021,-11.587,-1.0329,-1.208,-0.26894,0.020679,6.3766,0.10278,2.662,-6.173,-0.6842,-13.685,1.3781,5.7784,-1.1047,-2.2058,0.42413,-0.41021,4.8763,-0.65296,3.7368
0.25661,-2.7573,0.74116,1.2075,-0.91928,0.57906,-2.8065,15.266,0.80238,0.59122,-4.0521,1.4771,-9.6208,0.76197,-9.7211,-1.6476,3.289,-2.7513,-2.1224,2.7961,-0.66981,2.3398,-4.9321,4.5661,-1.0727,-3.5654,-2.1419,-2.23,-0.033635,-0.57587,-0.19479,5.6692,1.2394,-0.9418,-0.24495,0.69304,1.7102,0.16174,-0.28296,4.607,-26.221,-1.4016,3.5503,2.1723,15.585,-2.7309,0.030517,1.8677,-3.083,-6.9298,5.0585,1.1369,0.96451,1.3022,-0.53944,1.392,10.249,-2.9859,-0.28809,4.7094,11.185,-0.032317,-0.76194,2.1048,-1.3448,7.0024,-1.9549,5.0966,2.1894,-1.1747,-3.4868,-4.4124,2.0276,23.131,0.17753,-1.0639,-2.495,-0.97809,2.5375,-2.1507,-2.5045,-4.0413,6.7686,0.21424,4.9698,-2.3996,0.37509,1.5777,0.61461,-2.6362,-1.8909,5.1636,1.7457,-10.126,0.17382,0.89026,-3.2404,0.58465,1.1879,0.1641,2.9062,-5.0599,-5.3626,8.9381,3.8911,1.4066,-3.4038,0.85336,-0.61088,-0.58854,-3.7188,1.0336,6.3127,-0.23691,0.56588,2.8428,6.0231,0.74334,0.58385,0.84916,-0.8005,1.2506,9.3731,-3.6007,-3.1008,9.9622,-4.078,3.3225,6.3614,2.5167,0.34626,-11.75,-1.5851,2.9913,1.9621,1.7064,-1.9182,-0.63031,-0.67677,-1.7998,1.7295,15.525,1.1861,-0.25429,-3.9939,10.999,-6.0918,8.9781,0.74874,0.87048,1.7806,0.049575,-26.069,11.689,1.1278,-7.0237,-20.625,-0.10618,-10.774,1.1561,11.959,1.3191,1.3181,-0.79066,-1.2341,-4.4346,-15.432,1.6901,-0.88568,-1.8385,-4.4883,-3.3743,-0.092539,-5.6633,-5.0224,0.82032,4.9723,-0.58705,0.62729,8.7754,-9.7842,-0.017353,-2.8061,-7.299,3.9371,2.0711,-0.14067,4.5339,9.6165,-1.3082,7.2737,-26.057,-12.75,-4.2948,-2.2659,-0.25926,1.3382,-1.576,-1.7688,-7.9799,1.8486,11.586,-0.42928,-1.6829,-0.26868,3.675,-1.28,0.67875,20.271,-8.2115,-0.49667,15.204,-0.85737,-2.5548,0.060605,0.44123,0.6016,-0.85465,-0.43526,-1.52,-2.5996,7.9071,-2.2287,-6.4353,-15.387,1.9012,-2.8962,-0.64862,-1.4937,1.7618,-0.0058882,5.478,-0.014995,3.1867,0.91945,-0.30485,0.36907,1.8184,-1.2974,-0.14784,-3.2799,1.3259,1.3594,14.089,-0.32684,0.30202,-3.2013,2.97,-2.3358,3.2732,-0.70397,-0.44255,5.5055,-1.8471,3.6234,-8.5673,-0.59588,2.6207,-2.1441,9.0574,-1.6128,-21.019,-0.072268,-1.1344,-0.37883,3.1286,-0.89316,-4.5172,-14.954,0.92818,-2.3241,-3.0061,-2.6414,-10.604,0.19351,2.0635,-2.4592,7.4734,-0.26549,-4.4072,-3.6911,-2.1158,-1.3964,25.365,-3.7062,-2.6696,0.38925,-0.19122,21.709,12.552,1.5575,2.4001,3.1493,-1.0088,14.757,-1.3816,0.15503,-3.7895,15.762,-0.40186,1.4791,0.70876,0.76115,0.09259,2.2228,11.653,5.7873,1.7195,0.25239,-0.26291,2.9538,0.15186,-4.7146,0.6019,-8.706,-0.18702,8.0162,-19.789,1.0457,-4.4826,6.8151,-0.17958,1.0606,4.6447,0.766,-0.15255,-1.2776,2.2169,-1.7918,-0.61974,-9.7865,-0.03196,-23.615,5.9004,-1.1333,0.34612,-2.7453,26.983,-4.6838,-5.324,-0.69042,0.33519,-0.25614,-5.6045,0.14742,0.88477,9.9986,13.999,-9.1677,0.72577,-1.4766,1.1692,-0.066962,-1.6966,-4.4686,6.0098,-1.3332,0.54177,1.6413,14.229,-5.2538,9.562,-0.74543,-5.7884,1.3358,1.8497,-0.74972,1.033,-9.4059,-0.84703,0.4107,0.92766,-0.91557,-1.6586,1.5757,-2.8587,-4.933,3.9487,-2.3402,-2.8375,1.2811,11.226,-1.704,7.7625,-0.60488,-8.952,-3.5572,-8.8866,3.3301,4.7121,0.50893,-11.031,0.12659,-2.2341,-14.165,3.9441,9.4178,7.9479,1.7578,-1.373,1.3288,0.70465,-1.5379,1.4238,-2.625,-0.51955,2.4653,-3.5197,5.0593,-1.1803,0.43008,-4.9169,-0.64682,-0.62575,-18.123,-0.5884,-15.642,-7.3838,1.8906,1.1278,1.6332,-1.5237,0.57292,-0.94142,-1.2543,6.1588,1.098,4.4841,-0.9154,-1.4151,5.3486,1.9925,1.9236,-1.2757,14.726,6.3378,0.3441,2.8069,-3.6496,-7.4153,2.9049,7.4258,2.1672,-1.5974,9.9368,10.449,0.34147,0.77048,-0.81296,-0.041373,-1.2143,-4.7762,-2.8952,10.712,-8.8709,1.7482,0.31354,2.7121,0.86727,8.7456,3.2747,4.2304,0.7652,4.4592,3.7179,-5.6351,-33.581,-1.1089,2.7533,1.963,0.77419,-0.30998,4.0334,-4.4475,-3.4337,6.2937,-0.37506,-0.96677,-0.063612,-8.5196,19.123,-0.26241,0.69641,-0.20221,0.39081,4.8342,-0.1726,30.684,20.522,0.052006,-23.315,-0.2256,9.6815,0.47941,-0.029172,-2.2528,0.40744,-2.1006,1.0965,-18.172
-0.65667,-15.705,2.5197,0.51319,0.68136,0.45183,5.3902,27.329,1.3819,-2.1075,-0.54509,-1.5002,4.4247,0.94928,8.6867,1.7994,0.4295,7.45,-2.9508,0.86558,0.91543,-8.6633,0.26099,-8.2199,1.0227,1.7308,-12.169,-2.3258,20.513,-0.57306,-0.25934,-7.4383,1.0685,0.39223,2.0794,2.8175,0.011547,1.4247,0.62215,-0.04125,-11.231,-1.465,-1.992,-2.9379,6.4529,-1.6367,0.98572,1.072,-3.7309,9.4935,10.508,1.2417,0.0073599,0.25928,-0.68963,-0.39465,13.385,-5.0189,0.78229,-6.1024,-22.949,0.81088,0.37628,-2.3846,-8.6066,-9.8771,-0.51926,-1.1888,-1.8415,-0.3867,11.864,4.2677,-3.5109,28.921,-0.39615,0.07197,-4.7567,0.40699,6.8929,-0.24691,30.191,-17.206,6.6883,-0.049446,-11.454,-1.2779,-1.8214,0.32907,-0.071419,8.7634,-0.1641,-6.3009,0.51467,-2.1776,-0.51487,4.017,3.6575,-1.1383,0.57323,-2.5196,0.8272,-4.8179,4.1096,9.9168,-7.7913,-7.0313,0.49865,4.7876,-30.897,-1.019,24.374,0.21744,-10.128,0.9522,1.2279,0.78312,-3.0902,-1.0664,-0.4474,0.77038,0.40102,-0.67542,-5.3049,0.42545,-7.3959,32.256,0.79202,-1.4123,-3.4116,3.4179,-0.40269,-14.6,0.40732,2.0608,-1.2847,-3.6302,-6.2847,-6.4749,-0.32544,1.7463,0.95818,6.4609,0.91086,-0.77094,-11.061,17.356,-1.8467,-1.6719,0.66564,-3.886,-0.6267,16.294,-31.018,-9.8608,-0.55756,-0.39752,-6.6162,2.2383,-22.765,1.9508,-12.505,-19.151,2.2752,2.2303,1.8795,0.60314,-13.352,-1.0272,-8.2528,0.17548,-2.2998,-2.7309,0.51843,-8.3688,5.5725,1.8106,-1.341,0.2531,1.5247,11.008,9.2899,0.8635,0.76069,0.012881,-0.13936,25.774,0.39751,-16.127,1.409,-0.4225,2.0497,-14.941,-15.651,-1.3532,11.579,-6.7979,-0.44503,-0.79242,-9.8568,-44.823,-0.44499,-1.0224,8.6754,8.2578,0.045747,-7.4854,0.34044,1.2569,10.836,-13.026,-22.292,-4.4149,-31.52,5.511,14.194,0.4602,-0.74986,0.29158,1.675,1.0139,-21.363,7.2389,-0.7383,11.595,5.1724,2.0937,3.1402,0.8512,-5.9384,0.3895,-1.2616,-6.106,0.073859,-8.7353,-0.91691,2.4074,-0.13674,-2.377,-1.9267,0.42232,-5.754,7.178,0.097795,-32.05,-0.18325,-1.3148,1.3395,5.2281,0.17826,3.0178,4.5913,-0.55477,1.9712,-6.0538,1.1198,-8.1719,-0.60082,-2.1171,-1.2405,7.1431,-1.7777,-31.553,-0.72886,0.23854,-1.0321,1.8238,4.0693,-2.2047,13.078,-0.25898,0.71062,0.18485,0.45071,-26.02,-0.3983,3.3409,-0.099643,19.896,-0.4456,10.023,2.4998,-0.91078,0.50464,10.288,-14.352,-1.6252,16.899,2.4571,7.8325,13.562,-0.2444,-18.016,-4.085,0.51123,29.973,1.2679,0.23202,-1.2255,4.9955,-0.64118,0.53645,0.59426,-0.18214,0.60866,21.687,2.019,-9.3421,4.6119,-1.1468,0.40075,-13.81,1.4494,7.9187,4.3955,-8.2872,1.1688,22.999,-7.7085,3.7816,7.1719,6.5546,0.38505,-1.0148,9.1367,-3.702,2.2691,-11.614,-1.785,0.51605,1.1991,4.1746,0.52045,-11.651,1.885,-3.3938,1.546,-3.2697,11.668,3.3463,7.5008,-1.811,-1.5478,0.86914,-8.2039,1.9085,4.6562,3.4103,40.078,11.409,-0.66342,2.507,-0.13035,0.24499,-0.59332,1.662,-1.2476,-5.3466,-2.348,4.2284,23.962,42.13,14.017,-1.2694,-11.033,1.8306,-0.62203,-0.3376,-0.42122,16.125,25.207,0.9885,-1.4369,-0.83238,-7.0653,6.6057,-0.79919,11.722,8.4289,-0.17633,0.79169,0.94257,5.8444,-1.3144,-2.2809,0.66139,-4.704,0.99892,-8.0155,-21.974,16.064,-0.24456,-13.634,-2.1374,-0.66425,-17.431,-9.1032,-8.0029,-6.7325,-1.0683,-1.5802,-1.4255,-0.53918,1.122,6.624,5.4224,0.43503,-1.8837,2.6049,35.038,-1.6503,-5.361,6.6304,-1.0178,-0.80412,-22.617,1.9496,-1.4519,0.80779,9.4298,-0.41145,-0.464,-3.3314,-2.628,-0.51996,0.59623,3.3922,-4.2915,-2.0039,5.1973,-1.4107,-5.7235,-17.727,-2.7141,-4.3888,37.357,-13.818,-0.48684,2.8888,-7.4819,-5.76,-19.047,-2.763,-1.2106,-3.8966,-2.8476,-0.5994,-0.33275,-0.77062,-0.42339,0.70355,-0.43345,-3.0144,0.7255,3.4944,4.6069,10.249,-2.4369,-0.4483,31.269,7.0772,37.755,-5.5202,-1.652,12.023,2.9305,2.7813,-7.7518,0.28012,1.202,2.2775,-0.42701,-1.634,-3.0946,3.4518,-11.392,3.3846,0.10556,1.0292,0.50918,-2.1319,-19.423,0.33833,4.329,-5.6035,-0.098037,-8.4836,0.98889,42.481,6.3169,-0.26236,-26.771,0.92474,23.288,1.1824,-19.929,-1.0741,0.36887,-1.0571,0.10141,-8.5241
0.40872,-22.002,3.3745,1.4661,1.3985,3.4304,-0.589,-22.167,2.3701,-0.63104,4.5157,-2.7875,8.6848,0.93735,-1.3228,1.5863,-3.4114,2.5559,-0.7163,-0.22847,0.2823,-1.8397,8.1916,-1.8479,2.2067,0.32057,5.0237,-0.37958,-2.7513,-0.47608,-0.74892,-2.1433,2.5645,0.21745,-0.0065891,1.0856,2.7173,0.47854,-0.60482,1.7385,-16.174,1.5765,3.2646,2.3389,4.9044,-1.483,3.5069,-0.073778,-0.87886,0.60898,-8.593,1.3367,0.69508,-0.68305,1.0419,0.67665,-9.8603,-10.275,-0.4154,-12.312,-3.4567,1.2757,0.9139,0.96467,-14.609,-0.1649,-1.9159,3.2136,0.36222,-0.42118,0.89597,2.5958,-4.3411,-30.525,0.12215,-0.012608,-7.4186,2.9811,-0.24179,-0.42718,17.226,-2.0171,-15.584,0.68337,-1.5672,1.1681,0.73816,0.13178,-0.58676,7.0348,1.9277,2.1337,0.88601,1.3962,-0.56274,1.7128,-5.7383,0.63047,0.78602,2.5854,-3.899,-2.8615,1.2131,-14.39,-5.7526,-1.4401,1.118,-5.3364,-0.14633,0.22558,-5.3698,-0.25358,-2.3957,0.72184,0.38513,-0.98229,-1.9302,-0.49919,1.5272,1.5184,0.044715,-2.3844,-3.958,-22.169,-10.612,-22.605,-3.9988,-2.331,0.28314,3.8602,-0.74344,-7.5154,1.7985,-4.0206,0.59637,0.51261,-0.56381,-13.907,-1.8225,3.0136,1.4288,6.9049,0.086451,-0.27993,5.3768,-17.481,3.0991,-1.6383,0.05447,-4.6985,4.7107,-5.613,37.433,-7.8459,-0.24235,-7.5507,-10.365,1.4843,25.911,1.965,-9.0461,-0.19464,7.0258,-2.1144,0.88288,-6.3887,12.467,-4.4186,-15.687,4.4663,-4.7485,-0.55116,0.78331,12.049,4.5753,0.23596,-10.194,0.41901,0.14261,-11.163,-10.1,-2.8305,0.96075,-3.1294,-5.554,-11.258,0.69026,-0.40917,-2.7583,0.34001,-3.1008,-23.345,-28.092,2.9207,-4.431,1.3467,-4.9806,1.1275,-10.359,18.017,-1.1956,-5.5839,-2.1625,11.166,1.9455,-0.19821,-2.7401,1.1074,9.5669,15.756,-31.362,12.54,7.1397,6.0866,-24.142,2.2246,-0.19523,0.8309,0.86441,1.528,-0.18207,2.1029,-0.94122,16.062,-2.5429,1.0238,-2.2601,-1.2677,4.1029,-0.079572,3.8113,-3.1499,-0.083063,-0.77938,-1.6259,0.77217,-0.46249,-4.2519,0.74787,0.37869,0.23443,9.8597,0.926,-9.2737,0.015503,-0.32218,0.76464,-5.6923,5.5262,-0.61417,-1.3356,0.52763,-14.617,-0.28849,0.42794,11.042,3.3548,3.5993,-1.2749,14.329,3.0533,1.2596,1.1214,-2.374,-0.79873,2.6638,2.8606,-3.4912,2.1038,1.7249,0.75602,-2.971,-0.83616,-12.414,0.68047,-2.0875,-0.88376,0.039727,-2.9162,-1.4027,4.2443,-1.1411,0.0073239,10.964,1.7799,1.2248,-12.19,0.44209,16.94,-7.8378,-4.2129,1.1291,0.98665,1.0803,19.967,0.87356,0.4086,2.2277,9.3811,-0.76544,-0.21814,0.019093,0.47964,-1.8557,-3.5249,6.4335,-1.7896,5.7771,-0.68907,-0.6624,-22.705,0.072293,0.37539,-2.2275,18.981,0.1094,-4.0199,-12.736,1.5377,-4.2667,-9.0008,-0.27338,-2.9389,15.978,-1.6028,-0.23789,7.5431,-2.0852,0.41212,-0.53332,10.269,1.9522,-12.518,3.8947,-6.5473,-2.6436,7.0426,6.0447,6.4314,-3.0285,0.26462,-1.1836,1.4941,-5.3837,0.83398,-7.8004,-6.6927,-23.803,4.3929,0.84858,-2.4718,-0.1173,1.9413,-0.79054,0.080338,-5.7142,-9.9761,-1.2668,2.0801,-26.132,-14.25,-1.4077,-0.17332,10.187,-2.9702,-1.6518,-0.42868,-0.18922,-7.2098,-12.636,1.3953,1.8589,1.2174,0.63384,5.1172,1.7725,0.11591,1.4213,0.27127,4.002,0.97878,8.4616,-0.50338,8.4021,0.86432,17.461,2.4101,-2.4499,10.453,-0.07006,-0.33879,18.302,2.5438,1.788,27.379,2.9092,-2.1618,5.4764,0.72764,-0.16112,-0.57466,0.36239,0.53533,-2.4279,-1.8418,0.86914,2.4437,-4.9474,-1.7827,2.9645,0.20529,4.0815,0.94844,-1.0642,24.7,-1.6854,-5.6667,11.987,-4.026,-2.1258,0.65639,0.64034,-1.1045,2.2585,-1.1192,0.92192,-0.32736,-5.4672,3.0079,0.18308,0.87693,-22.847,-2.0023,-3.1419,-34.799,2.2993,-0.49709,0.66839,-9.074,-4.1366,3.8173,-3.8063,-1.2793,2.9997,0.55317,-12.231,-1.0715,-1.5472,-0.67082,-0.037559,0.83887,-0.92581,3.9631,4.5114,4.5401,9.0677,0.22476,2.4774,-7.3712,0.75162,-5.046,0.26574,1.2257,0.43681,19.831,3.439,32.869,-0.20734,-0.19526,-1.0916,-1.161,1.3066,-0.20158,0.51508,0.86115,-8.3318,1.0006,0.54126,-0.6553,-2.4811,12.634,1.9216,-9.6431,-0.90453,1.0083,1.2195,1.3478,-16.781,7.7342,6.7559,29.337,-2.2106,-19.178,0.93411,8.3649,-1.589,-0.18886,1.425,0.30334,-9.1016
0.27539,23.464,2.6912,1.5514,0.87724,1.6242,0.45138,8.106,-1.347,1.943,-3.0659,-2.2264,3.1065,1.1262,0.46252,-1.2089,0.13186,-3.1688,-3.4533,-2.2765,-1.1539,1.982,-2.7619,-1.1562,-0.3546,-1.8571,-1.3612,-0.15838,-10.468,-0.63939,-0.16426,-1.7412,-3.0494,0.66945,-1.8209,-1.828,3.0096,-2.0629,-1.0585,-0.75569,-1.7513,0.20418,-2.9796,-2.7295,2.4952,-0.74689,1.1839,-3.0562,4.3728,2.1092,4.2705,-1.8077,-1.7255,1.3105,0.8166,1.0459,4.1612,22.359,-0.13947,9.956,5.1663,0.87499,1.5549,0.53189,12.863,-3.7012,3.2397,-1.3482,1.9269,0.70435,-3.1763,-4.8519,-0.95893,11.069,-0.20444,-0.47629,2.8864,0.70183,-1.8425,-1.2335,-20.216,9.9192,5.6715,-0.14074,4.773,2.0292,1.5656,-0.37292,-0.85626,-8.3364,2.0682,2.2313,-0.0069648,2.2573,0.1621,-1.7993,3.9281,-1.9712,-0.35386,-0.74786,-2.599,-0.51865,-0.15661,7.0659,6.293,5.5938,-2.2724,-6.7544,22.47,1.5866,-7.7134,-0.79858,4.104,0.28156,0.18253,0.60999,-0.45899,1.0353,0.18687,-0.60351,-0.81718,-0.69426,-1.8497,21.36,13.992,7.4936,0.12435,2.654,2.2328,-1.0452,-0.75444,-0.39103,0.55343,0.071467,-2.0518,-0.33663,-1.1455,6.2092,2.2857,2.9649,1.1373,1.7912,-1.5954,1.0144,4.867,7.4769,2.7309,-0.14553,1.5602,2.1594,0.3993,-3.9044,-9.3208,18.688,-0.39188,1.6461,4.0915,0.1588,-7.6586,-2.5232,2.0414,8.3483,5.1047,1.7059,0.23001,1.9189,-10.077,-3.5727,14.915,1.0929,4.311,2.4356,0.68912,-10.223,4.0193,0.42481,0.16249,0.44922,0.15579,0.18096,5.2187,0.16414,-1.2893,0.59135,-1.8657,-8.8029,-0.069425,10.079,2.071,1.045,6.3227,14.594,20.712,2.7437,1.1125,-2.6137,-3.6085,1.0081,11.726,0.24799,0.12343,21.782,-0.69699,-14.811,-1.5604,0.72473,2.3679,0.89115,2.3438,-3.5672,29.265,4.668,11.536,-8.2208,9.397,-0.59152,0.35912,-1.4856,-2.0657,0.90619,9.8221,-3.1548,0.052377,-24.485,-3.3335,1.261,-5.0707,-0.29958,3.2767,0.80614,1.197,2.0026,-0.1946,1.9902,-0.79761,2.3939,0.037098,1.4992,-0.8326,-0.61988,-0.18402,-15.481,0.87775,21.273,1.8612,-0.22512,0.6334,-7.8688,-0.16902,-2.5755,-0.9078,0.32961,-5.0969,0.70805,2.0316,-1.2073,0.41662,-2.6966,-0.82114,2.9005,0.24116,-7.5236,0.15981,0.58236,1.4196,0.45537,-6.0936,2.3227,-1.8026,0.29789,-1.8111,1.0299,-1.0123,17.596,0.24978,-1.2706,5.0997,-8.0875,2.9286,2.4416,-0.83002,-0.8596,1.556,-0.67701,6.4022,1.7157,-6.9179,-2.674,-2.6988,-1.563,-0.18989,6.6987,4.4423,1.9878,-19.041,-1.6351,0.38158,-2.3946,3.7808,-1.8868,-1.4344,-1.2107,0.25529,1.202,-9.5654,0.37911,2.037,-2.2778,-0.057633,-1.2748,14.948,-0.46167,-3.4617,0.11804,-13.428,-0.15286,-10.929,-4.2632,1.031,-2.6487,8.8006,-0.17459,-1.3392,-16.904,2.7218,-2.9908,2.7518,0.39294,3.193,0.25677,3.7507,2.2845,-0.18987,-1.2318,13.07,0.62852,6.1349,0.026002,-3.6745,-1.1946,-0.069278,-1.7079,-1.2901,2.4894,2.5778,5.1021,5.4221,7.6765,2.3233,1.1856,-4.6237,-0.086022,0.85767,-0.71868,0.05492,0.39889,11.526,2.4368,-0.81722,6.7408,-16.881,-5.3816,-0.47384,12.783,-0.20237,-1.8716,-1.078,-4.0699,-2.2349,8.6032,-1.4035,-2.2974,0.38054,4.5449,-7.6996,1.83,-3.2486,-2.5975,0.026983,2.1319,0.90821,4.2237,0.99824,-1.5435,-0.59554,-1.9008,1.2756,4.2255,-4.308,-13.504,0.26479,-11.674,0.91556,1.5286,-15.325,-0.64075,-1.2179,5.1016,-2.8314,0.032005,0.86023,0.48569,1.1392,5.0866,2.6807,0.25917,-0.91199,1.1267,-17.672,3.5099,4.4653,2.2986,0.44574,0.69662,-7.9679,-0.39068,0.66721,3.4562,-1.6585,-0.70299,-0.052107,-0.48261,0.0092024,-1.2865,-0.72949,3.2767,-2.3076,2.0683,-2.0948,3.7921,5.1459,17.819,4.02,3.5895,7.0354,2.7275,1.6099,-0.61437,14.401,-1.4798,5.4704,-3.4859,0.87297,6.0366,2.3585,-1.8551,-0.70528,-0.082524,-1.8468,1.2526,-2.422,-0.76923,-1.6553,-0.52683,-3.0547,-18.689,0.26957,-1.9819,-15.031,-7.1383,-11.401,-1.7086,0.24938,-10.872,3.5818,2.4355,-28.042,-1.4665,-1.9438,-1.2226,0.49418,-0.65389,3.1142,-4.287,2.2113,-4.6673,-0.25252,0.27477,-1.0108,0.47033,12.761,0.84278,4.9516,1.5495,-1.4163,-3.4042,0.62104,1.4013,-3.0783,4.0507,-9.6531,0.23897,2.259,-0.30578,4.3639,-2.2191,0.028406,-1.0882,0.42826,-5.1992
-0.70891,-8.7553,0.61924,-1.5026,1.1039,0.022168,4.5361,-17.813,-4.4184,0.29507,2.8678,-2.0071,1.5702,0.28968,6.0851,-2.3004,1.6806,4.818,-1.4789,-1.7013,-1.3202,-1.4529,3.2871,2.7808,-3.0293,2.1697,5.0905,1.7297,-9.1989,-1.1061,-0.41221,-4.1198,1.3879,-0.18242,-0.47714,-1.1124,-2.426,-1.0546,0.93444,-7.5059,38.031,-0.18056,3.3661,1.7084,-14.567,-0.084984,-1.0191,-1.9479,2.9821,6.9145,-8.6702,0.26041,-0.74671,0.38413,0.47676,-1.2886,-7.9472,-11.556,1.2286,-9.369,6.9626,1.1282,2.1918,1.3847,-3.8472,-2.0762,1.2993,-9.5501,-2.7188,-1.2969,5.719,7.7883,0.98455,-21.767,-1.4069,-0.37973,-2.65,0.698,-6.0703,0.43333,13.048,-1.4535,-12.252,0.92203,-2.1184,2.0969,1.5403,0.87376,-1.8516,-0.66022,-0.54169,-0.084938,0.40688,1.9279,-1.0023,-2.8441,-1.0173,0.25755,1.1482,0.55214,-5.0155,12.113,6.0287,-12.189,0.60964,4.6236,6.5429,-2.279,11.976,-0.98304,-2.987,0.14189,-3.4321,0.86363,-1.1106,-1.1865,-5.1289,0.6016,-0.63121,-0.16868,-0.54782,-1.39,7.0546,-16.304,-4.978,-13.207,9.6494,2.9209,-1.4976,-5.7056,-0.68695,14.687,-0.056566,2.7779,1.8087,1.9779,4.9661,-1.3927,1.2632,0.90471,1.6104,-19.809,0.77666,0.49863,5.1356,-14.098,4.4874,-5.0585,0.38724,-1.5968,2.3491,-9.0489,20.145,-22.722,0.19167,5.3038,22.639,-0.88026,20.525,1.1766,-4.6925,12.764,-7.0328,-1.6136,-0.18699,-2.8384,9.5461,-2.6921,-0.57861,-2.9621,2.0939,2.9475,-0.14671,7.1418,-3.9851,-0.35601,-3.4185,0.028456,-1.3737,-6.2071,6.7274,1.8535,-0.043165,11.252,-0.32566,-7.6996,-0.28394,16.137,-8.7214,1.8629,-10.396,32.671,9.853,-0.30743,-2.9159,7.4013,-2.645,2.031,-3.6655,30.956,0.86541,-24.235,7.9672,13.013,0.36686,-2.9224,-0.22064,-4.545,-28.338,0.91697,-9.3817,-11.48,21.864,3.9997,-5.6044,-4.3251,-1.8541,-0.079326,0.73743,-1.1859,20.037,-7.3325,2.5297,18.112,24.18,-0.81564,5.4065,1.3933,4.7184,-0.5346,-1.0652,-2.2532,-1.1334,-2.4389,-2.1129,2.239,0.20923,1.1307,1.0709,-0.21661,2.7172,-1.5112,-1.7514,14.829,-0.056355,-0.12618,-1.7817,-1.5365,3.7339,-1.6393,1.962,-0.2032,-10.22,5.2098,-5.8014,3.9635,1.7348,1.5206,0.57829,-19.09,9.8894,32.11,0.3718,3.6349,0.71002,0.16665,5.246,-2.3377,16.091,0.80388,0.14136,2.5751,1.0084,3.9858,-0.32481,-2.9692,-3.9537,-20.283,-0.72082,2.8785,3.6248,0.77956,1.0263,-30.148,13.425,2.4054,-7.046,-0.13276,-25.832,-20.994,-1.6109,12.956,-8.2495,0.33068,-20.513,-0.56172,0.85863,2.084,-19.36,-0.72617,-0.36168,0.22151,4.3957,0.97333,-11.659,-15.895,-6.3301,-0.3474,0.97639,0.04945,-9.8251,1.1749,9.8151,-1.2778,14.715,-0.049848,-3.7796,28.648,0.28129,9.5205,-9.6504,-0.56607,-0.045371,6.1592,-0.026056,-2.7238,11.361,-1.1435,2.0811,-0.83217,5.5099,0.76226,31.442,-12.13,-4.0976,2.6878,2.1008,-36.4,5.3694,6.2971,-1.1339,0.89519,-1.5452,8.3762,-0.20761,-10.302,-3.958,-31.47,10.428,0.41641,-4.5836,-0.099168,1.2496,-0.64123,7.2608,-3.2028,-7.8282,1.1495,-0.065078,-21.504,-24.684,-3.47,1.181,14.491,1.7216,0.00047568,0.29194,-1.7333,-10.262,-5.0395,-1.0766,0.99375,1.9797,5.4866,3.2156,1.7628,3.9243,-9.3553,2.8035,-1.5864,0.72432,-16.892,1.0589,-3.5869,0.59603,8.3088,10.49,12.066,-0.98627,-12.284,-1.3116,13.018,0.45781,0.68454,11.373,-3.8298,-5.9064,-9.8757,-0.31869,-0.27797,1.3212,1.0608,1.1831,-3.7308,4.2858,0.0015624,-3.488,6.5627,-18.848,-1.3696,0.6704,2.1245,0.37602,0.93942,25.547,0.39445,21.041,10.266,-4.2517,-1.9785,-0.1144,0.4572,2.4603,-0.16702,-0.1548,-12.741,-6.5959,-4.4547,-7.0247,0.99948,-7.1939,-0.75109,-1.334,3.8234,-27.767,-11.104,-2.3416,-1.9796,-8.2756,17.002,2.5751,2.6701,0.79078,4.4381,-9.6039,-9.7542,0.25319,1.9491,-0.074774,-0.4386,0.13026,2.2822,1.1943,-21.15,15.816,6.2154,-0.73373,-5.8614,-21.121,-8.4554,-32.306,-2.8843,2.2348,3.9724,-11,8.8245,8.9859,0.24195,-2.9296,0.73114,-1.7785,-1.654,-2.2212,1.6651,4.3199,-5.4952,-0.65053,-0.13751,-0.76932,12.471,-2.13,-0.65378,5.7588,1.8753,-0.28414,-0.48932,-0.64328,-32.819,-28.905,1.8071,18.703,0.17777,-16.369,-2.024,4.4409,-1.1052,-1.2411,-1.9975,-0.43284,22.937
-0.36678,3.9082,-0.64134,-0.89718,1.9151,-0.71273,-6.4693,-4.5923,-1.5676,-0.53851,3.1523,-0.52184,2.2793,-0.82105,-5.3525,0.90239,2.1689,-8.4345,0.28832,-1.6222,-0.8557,7.0974,2.537,-7.9946,0.047113,1.9009,0.75463,1.0391,2.1227,0.79863,-0.15663,10.142,1.8321,1.2095,1.4941,0.49722,-4.5659,0.40174,-0.1983,0.31485,3.5499,0.80882,-3.8576,-2.7925,-5.1094,2.4223,-0.30938,-0.048381,-0.05292,-7.3472,-2.0186,0.98657,-0.77064,-1.6881,1.3805,-1.3009,-1.8776,2.6002,-0.015301,0.53008,-8.7346,0.37977,-0.023177,-2.6308,3.4931,2.1508,2.1467,0.72002,-0.6215,0.80277,-8.7912,-1.8148,-0.75724,-6.7771,-0.88864,0.3844,1.2019,0.45267,-1.4433,-0.25817,-15.464,-1.0239,-5.0422,0.3667,4.6939,-1.4142,0.77535,0.28817,-1.5349,-2.4201,-2.3712,-3.9262,0.39112,-0.072181,-0.625,-0.5563,5.0867,0.17765,-0.96753,-0.11475,-2.1862,4.5872,-1.3766,-9.3138,0.1811,-6.8773,-0.31007,5.409,-4.5099,-0.74442,4.5288,0.74489,5.4876,2.1602,0.47067,-2.7474,0.64162,-1.6087,-0.71431,-1.0878,-0.050867,-0.11221,-7.037,6.4055,6.7435,-6.9105,-2.6274,-1.6576,0.51208,-4.9778,0.74284,6.4466,-0.55842,0.39066,-2.2668,-3.0454,8.0967,6.7686,-0.8259,1.6153,0.30766,-3.7271,-0.22388,-0.78718,-4.5226,-3.5822,-0.37685,-0.79986,0.084042,2.0715,-0.55809,1.601,7.3738,1.9692,0.48148,2.2729,2.8298,0.44803,2.6325,3.6515,-6.6978,-5.191,1.0637,-0.038579,-1.1797,4.5351,6.9137,-1.0446,8.8695,-2.2672,2.8622,0.021808,0.65254,2.7126,7.6655,-1.3968,-0.42853,-0.47984,1.5207,-4.9522,5.5924,1.5223,1.9437,2.6778,-2.0852,6.9208,-0.65792,-13.141,-1.3285,-0.59902,-4.8894,11.813,12.873,-2.3159,3.0744,2.3135,1.3759,1.6856,8.9386,-2.9356,-1.4624,-1.5716,-5.8386,-1.7762,0.74043,5.1217,0.34245,-3.5356,0.62476,4.057,5.9036,-5.8694,-6.4447,0.18186,2.684,1.6302,0.064837,0.53931,-1.6248,-0.097719,-7.5277,-4.4055,0.34415,-7.372,-6.0677,-0.75027,0.60961,0.74551,-6.0886,-0.27858,2.3337,3.8665,-0.14262,6.2583,0.5852,1.5593,0.48457,3.385,-0.87278,-0.10353,4.0778,-6.0937,-2.0506,-11.588,-0.89052,-1.4473,1.5009,3.4709,0.4815,-0.78885,-5.5906,1.4799,3.347,-0.06228,-3.2184,5.3476,0.77869,-2.6858,2.5485,-5.0824,0.35929,11.279,0.091894,0.14064,2.5724,-2.2477,-0.49397,0.29252,-6.7811,0.081204,0.56428,5.2624,1.4962,13.16,1.0204,-2.479,1.7441,1.5493,1.2771,-7.8367,-1.9722,1.5418,-0.92707,-8.3957,-4.4418,1.8287,8.031,1.9816,-9.0269,1.028,-0.51688,-2.4496,0.68543,-2.8181,-10.67,0.2212,-1.5514,2.7628,-2.9218,0.3856,0.6753,0.083725,4.04,-2.1586,2.9007,-0.52822,9.3245,-0.067136,1.2235,1.0105,3.7492,-2.6449,-11.367,2.1995,1.9566,-0.090366,-5.1201,5.0507,0.049776,-2.9235,-3.0924,0.64744,1.8517,-3.858,0.13438,-0.16488,-0.38528,-2.8264,2.843,-1.273,0.52531,1.3956,6.4846,3.2423,2.1042,-2.447,-2.054,-9.1489,0.82014,1.7253,-0.488,1.8239,-0.36582,5.104,2.8414,0.94176,-5.7364,-1.1614,-3.1017,-0.56424,3.1501,0.32298,0.52346,0.13662,-2.1524,-0.62066,2.4711,-1.4059,1.3416,-2.7603,14.823,-4.311,0.33884,-5.1881,0.96635,1.9912,-1.1562,-4.6228,5.1818,-15.406,-0.72207,-0.78426,0.14839,-3.6263,2.9773,0.36026,-9.073,-4.6209,0.98526,-0.70715,-0.32814,-6.4979,2.5192,-1.5584,-0.43288,-1.5811,-3.902,4.1209,21.043,12.642,-1.9953,7.3793,-1.1072,-1.0874,1.8509,7.9175,5.6393,-2.4604,-2.1864,-0.96499,-1.3601,0.10206,0.70153,0.38021,-5.305,-0.15211,2.049,-4.7052,1.3762,0.381,-0.56856,-5.5646,0.80076,0.33635,2.3212,-0.11783,4.4164,-3.2598,2.6737,-3.156,-0.81688,2.3365,2.0665,0.70026,0.41102,-2.9899,-1.7933,-1.8372,-0.55599,-3.4287,-2.6727,4.4599,-3.6987,-1.6891,0.6815,5.4031,1.1955,-0.28289,1.3729,1.942,-6.4454,0.72271,0.35049,-2.5369,1.8569,-2.8264,0.59029,-0.4743,1.4121,-0.34203,0.19867,0.62936,0.85846,-1.7276,-1.5796,-7.3164,-0.51981,3.5688,10.112,-5.5565,9.8075,3.4264,0.19114,-0.7707,-3.1273,-4.9467,22.6,0.63983,0.076778,-0.5032,0.08222,1.6684,-2.1782,4.2238,1.0562,1.9527,0.27883,0.52535,-0.65772,2.6789,-9.4252,-0.41312,-2.7309,-0.1601,0.45778,4.0936,-0.7613,-13.559,-7.1627,-0.75192,3.5412,-0.83556,-0.15336,-0.92404,-6.5934,1.2996,0.53726,4.6822,-0.69015,5.1297
-0.66464,3.9011,-0.45633,-2.7528,1.16,-1.4558,-3.7851,-7.3575,2.379,-0.89322,-3.0196,2.6816,-5.3612,0.96898,-2.6468,3.1829,-2.3619,-1.961,1.4594,1.1111,1.1592,2.7105,-7.2164,1.2857,4.3341,-2.8047,8.927,2.3899,3.0685,-1.1209,-0.031847,7.0113,0.32071,0.29807,-0.54703,-0.20252,0.67764,-0.30053,-0.47806,0.9906,4.0325,-0.4075,3.7694,1.9882,1.8426,1.6354,-1.4619,2.5024,-0.15078,-3.2081,-3.6841,0.35262,0.0057252,1.0422,-0.62448,-0.62641,-1.6196,2.1793,0.94773,1.1831,-3.6203,-0.57861,-0.62171,2.0382,0.072871,5.9574,0.055635,1.5013,2.1968,-1.3886,-9.1714,-7.703,-0.57493,-7.8412,1.2424,-1.2868,0.38698,-0.49291,-0.45322,-3.7587,-11.089,7.2016,-1.2383,2.3091e-05,-0.61462,-2.7823,-0.11864,-0.92253,-1.1202,-2.6394,-0.89198,1.7003,0.035983,-5.0939,0.51674,-1.8243,-2.4308,-0.16961,1.2582,0.5832,0.80918,2.1972,-0.86843,-4.7117,6.6233,-2.8084,-4.5038,2.3736,-8.6448,0.13691,-1.4939,0.59641,6.7234,-3.6004,-1.3206,-2.7599,2.734,-0.66348,0.21945,-0.52321,0.11593,1.3765,-2.3615,14.611,1.306,-12.562,-5.4014,-2.5617,1.7492,-3.7371,0.67602,3.8823,0.30552,-2.6889,1.406,-0.72413,6.5527,2.9197,-1.2531,-4.2611,-0.64056,-2.0612,0.58348,-0.97864,-8.7842,-6.3209,-7.3776,2.1377,-1.7858,1.2586,1.5638,1.0348,6.6251,4.826,1.6977,-2.6539,-3.2145,-1.0631,8.9978,-0.24573,12.06,-3.4862,0.64659,-2.2727,-0.027423,-1.2173,9.1503,4.3558,2.9426,0.68154,-0.39611,-0.40477,-1.3485,-0.72796,-2.3909,-0.24945,7.7795,-0.76923,-2.3705,3.3663,-2.137,-2.0485,-0.80881,-1.4512,-3.9852,3.4849,-0.015167,-4.7345,3.0673,1.0367,0.30921,-2.5054,4.4805,-1.1174,-3.5239,3.9986,2.2055,1.2867,4.2236,2.5445,-1.1168,-0.36326,-3.8911,-1.9932,1.8791,3.6854,-2.1281,-0.84526,-0.99408,3.9922,6.547,1.3382,-6.2192,-1.9779,-8.6985,2.4436,-0.49502,-0.66586,-1.6107,2.4975,-3.1109,-0.063767,-1.7568,-1.23,-6.2817,-1.017,-1.7226,-0.51228,-3.6656,-1.0768,-1.8424,7.8873,-1.585,5.1659,1.9428,-0.77826,0.028286,1.4177,0.82889,-1.4508,4.203,-5.5043,-1.8984,-19.338,-0.18978,1.2271,-0.60315,1.7382,-3.7966,-1.3052,-5.2163,-0.68319,13.748,1.0799,-0.22733,-1.5938,-0.72453,4.0121,2.6708,-9.1896,-10.075,14.237,0.12312,2.0182,-0.1881,-1.7785,-3.2011,1.1862,-7.8363,-1.7949,-2.1088,-1.1921,-1.5596,6.3716,0.24834,-1.6973,-2.0874,-1.1625,0.33366,-5.4708,-2.1865,1.6801,-0.65152,1.2486,-1.123,1.2545,3.7284,0.30083,-0.64056,7.0594,5.5542,-2.7143,1.9368,-0.95728,-3.6649,1.4512,1.5103,-2.459,-2.0539,0.50451,-0.90781,0.066871,-1.1092,-0.084554,6.5892,0.2902,7.8224,-1.224,0.060603,-1.2455,13.712,0.77915,-6.3389,0.99809,1.2449,0.13147,-10.317,4.0377,-1.0491,-5.5091,-2.0204,0.46738,1.9294,-4.96,-0.02785,2.9109,6.4558,-1.3748,0.75449,-0.048571,-9.7019,0.91531,2.3992,-0.16601,0.3436,0.065,-2.1517,-1.718,-6.9935,2.7996,-1.0033,1.5955,-0.67791,5.3269,-0.39787,-1.1972,1.3147,-6.3002,-6.401,1.5288,5.3088,0.021465,0.55181,1.8882,-5.6522,6.6185,2.6183,0.2808,-0.17273,-4.7925,7.6518,1.1584,-0.35656,-24.849,-1.6687,2.6286,-0.20058,4.6152,-0.80341,-9.3534,-0.75071,3.0041,-2.068,-2.6122,-1.7211,2.9624,-7.1383,-2.8127,2.8053,0.23873,-1.0696,-1.6353,1.8774,4.5481,0.27324,-14.326,-8.2392,-9.1225,11.685,8.5856,0.35098,3.2591,1.132,-0.81641,4.1166,5.0243,5.0659,1.0159,1.7492,-0.54127,-0.060562,-0.079295,-1.453,-6.7096,-6.0552,-0.93159,2.3914,-2.7251,8.9852,-0.86636,-2.1193,-4.3609,-1.4926,0.12972,2.0466,0.73826,-0.48729,-11.383,2.3034,0.81944,-0.14184,-1.0802,-0.39605,-0.80628,0.7908,0.16211,2.3222,7.0771,-0.14871,-3.0127,0.85417,4.6175,2.4781,-5.1011,-4.8018,5.6016,-1.6648,-1.2732,0.93395,2.8156,4.1046,6.3081,-1.9358,-8.4662,0.13843,16.15,0.4187,-1.8559,0.54441,-1.1059,0.39393,6.4995,-3.3191,1.9196,-4.2392,-3.8109,0.41046,1.9154,12.516,-0.24277,3.6322,1.6081,0.85105,-5.7397,-15.338,2.3213,18.929,0.25286,-2.5699,1.1647,-0.058524,-1.1054,3.9523,-2.6023,-0.66067,12.28,1.139,0.41397,-0.33953,-0.079129,-8.2369,-0.11325,0.39335,-2.4221,0.34295,3.6882,0.022886,-11.996,0.96909,-0.046741,7.7756,-1.5286,-4.3776,-0.4512,-4.3942,0.42855,0.27074,-2.9533,0.13368,2.002
0.09186,3.9479,-0.55242,-2.6063,0.94656,-1.3663,4.7337,-15.082,3.8591,-2.2326,3.9372,1.4244,1.2348,1.0947,15.858,-0.93892,0.020877,6.2483,-0.71216,0.32309,-0.82026,-10.627,-3.2821,2.2691,-2.0366,1.4197,5.9516,0.73701,2.6172,-0.031664,-0.72338,-8.4723,-1.8348,0.7541,-1.2472,1.2857,1.17,-1.3667,0.38474,0.73726,-10.067,-1.1151,-2.8923,-2.1941,-1.6507,2.4829,-1.9777,1.815,3.7371,11.322,-4.9229,-1.6489,0.80021,0.042947,-0.45094,2.1916,-10.421,0.98762,0.32219,1.094,-7.294,-1.5415,-1.2751,-1.0217,-1.1507,-9.2508,3.5245,-2.1223,-0.84748,0.85327,11.303,0.52,0.49408,-14.997,-1.2555,0.98921,5.1528,-0.27508,6.5343,2.8663,15.293,5.8827,-1.703,0.84264,-7.3656,-1.9889,-1.124,-0.022517,2.5263,1.9376,0.24523,-2.7399,-0.6159,8.8531,0.20521,0.94424,0.28298,-0.89622,-1.2587,-0.47793,2.5263,-5.8495,9.347,-3.1792,-3.9219,3.1931,3.7952,-2.9844,-2.7008,-0.18381,7.0121,0.30486,-10.34,0.060094,1.2243,-0.86159,-5.1442,0.61444,0.65743,-0.9118,0.24877,2.6716,2.2248,0.13053,0.07319,-5.4912,0.68543,1.6621,-2.6379,7.2366,-0.37768,-15.25,-1.3278,-1.5312,-2.2116,-0.087475,3.7509,-7.2252,1.6558,-0.51284,0.58778,3.2546,-0.13573,0.8491,-1.983,-10.015,-0.91689,-5.0341,0.047239,-1.5336,-1.4082,3.8837,16.188,-4.1247,0.18771,2.5909,-5.6776,0.90936,7.174,0.14324,-8.7903,0.42936,-0.87931,1.0599,0.74258,1.8265,14.621,2.1649,-1.0451,2.0681,-3.0306,-3.1929,0.019404,0.46687,0.2258,-1.6677,2.0168,-0.41514,1.088,-6.9538,8.2631,0.68906,-0.070716,-2.5198,-1.3825,9.4125,0.25915,2.8384,-7.9027,-0.62724,-6.3883,-11.674,-4.6511,0.26638,1.273,-2.6929,1.9716,-0.4962,-3.7667,3.7957,-0.66125,6.2481,10.577,-3.1261,-1.3016,-6.1135,1.4704,5.9291,4.9727,8.1449,-0.13477,-0.84198,-3.4218,-0.87139,-11.366,0.094962,-1.2528,0.12659,2.4575,-0.80766,-10.626,4.8086,-0.74327,-1.6606,2.0529,-2.2595,1.6957,-0.78035,-0.26841,0.48773,-2.9126,-6.4886,-0.16937,-7.8197,2.3733,1.8358,1.1471,-3.2097,0.5615,-1.6265,4.7649,4.2446,0.053858,-14.721,-0.010318,-0.045031,1.1662,-1.2434,-2.4597,4.0536,6.2708,-0.38115,-5.2505,-5.8046,2.2584,4.3741,-1.2831,-0.58155,1.9987,6.5297,2.6857,-0.59155,0.48003,2.1581,-0.65089,-3.2727,0.30397,0.95032,15.198,-0.13608,1.8131,-2.2228,1.711,5.0055,1.1458,-3.238,3.2815,16.684,-3.4347,7.5391,4.1004,0.21206,-0.39894,6.5146,0.9923,0.1771,6.4093,-2.796,11.105,8.0502,1.6593,-6.3991,-0.54923,-0.17954,9.6472,-1.0211,0.18716,2.9763,3.7029,-0.81141,-1.1915,0.41779,-2.7937,0.2358,2.113,3.6681,-9.7512,-4.6713,1.5783,0.10545,-4.5306,0.89882,7.1019,-3.1768,5.3055,-0.27388,-8.3418,-5.4179,-1.1986,9.5368,-5.4267,0.53754,-1.5453,-7.9717,-2.4315,0.35158,3.3294,0.65948,0.059031,0.42191,4.8739,-0.32328,-8.1516,-0.2964,0.78943,2.2637,0.20662,8.9324,1.0876,0.65897,-0.7243,-1.853,0.69752,-6.1383,-0.18948,-1.3364,-4.799,-11.175,9.3263,0.16491,-1.2684,0.31566,-0.3133,0.27103,-0.87063,-0.007968,4.0264,-2.9576,-4.7603,-6.67,11.293,-2.53,0.90017,1.835,-0.77014,-1.2964,0.32242,-0.88349,1.9513,10.802,0.11174,-0.73123,-0.43438,-2.1368,-1.5064,-2.5692,12.003,12.105,-1.7083,2.249,-0.71033,4.9161,1.466,-6.412,1.0352,7.2182,4.9848,0.40257,-15.996,-6.6315,-0.30175,5.3429,1.0695,-0.16138,10.119,-10.347,-10.728,4.9978,-0.60239,0.77563,1.3743,0.42808,0.30513,-2.0624,6.6069,-0.7403,-1.1162,2.5905,-4.4428,-1.9564,-1.7771,6.7762,-1.3428,1.2646,12.94,-0.75355,-3.4832,5.3983,5.0971,0.46476,-0.39775,-3.0463,-1.5121,-1.1987,1.0615,4.8791,0.23542,0.33152,4.611,0.27595,1.8212,-2.2765,0.10782,0.57896,-16.283,-13.962,0.23504,-5.008,5.9469,-8.3924,-3.4806,-3.111,1.4304,2.2767,-1.3015,-4.5599,0.47162,-0.60874,1.5717,-1.5289,-0.52978,-0.25156,0.014862,4.0172,1.8943,-0.39154,-0.059883,-2.2912,0.60269,9.6358,9.5604,-8.7202,-1.1279,-0.42164,6.4745,6.6608,25.34,-0.67608,3.4662,-2.8235,-1.4153,-0.4875,1.3031,-1.1063,-0.46558,-4.4412,-1.2041,0.9008,-0.5692,-4.3613,-3.9698,0.64711,-2.3038,1.2481,-0.2273,-10.925,0.15558,-8.3944,12.094,0.0074258,17.395,0.48168,-4.2599,1.0618,-10.456,2.4041,0.87227,0.13505,-0.97924,-8.0512
-0.52122,-1.1359,-0.96453,-2.2754,-0.0039525,-0.13173,-0.23226,-12.512,-0.28678,0.10436,1.3188,0.37077,-1.7505,1.3174,-1.6376,-1.9753,2.1144,1.7476,2.7765,-1.0094,-0.25815,0.95812,6.2881,5.7481,-2.4087,0.98962,0.72168,0.3468,-7.0726,-0.16389,-1.3837,0.94919,-0.44223,1.4812,0.22539,0.90403,1.5097,1.1374,-0.081473,2.3695,-8.6257,2.3345,4.3189,1.9526,-1.4577,1.7289,-0.50998,0.78778,-2.1106,-1.4136,-9.4375,0.29155,0.56538,-0.41399,0.059566,0.93013,-9.4791,-1.4023,-1.1461,2.9579,11.622,-0.28572,-0.82061,1.0884,-2.5487,3.0396,0.79215,4.5664,0.046847,-1.2217,0.52043,-5.1745,0.070416,-18.897,0.45343,0.15555,0.27142,-0.60425,1.7377,2.4443,-3.1238,6.0338,-6.6472,0.62568,3.1337,0.93747,-1.3051,0.83552,1.7512,-0.18745,1.2221,0.89558,-0.53437,2.0648,0.2749,-2.0364,-0.83245,1.0604,0.35782,-0.60685,-0.97123,-3.6915,0.69089,-9.6353,-2.4335,5.2171,-1.2262,-0.41794,14.998,-1.0934,-10.193,0.88321,-0.67204,1.8375,-0.16997,0.051481,2.2508,-0.97703,-0.3399,0.59629,1.2583,-0.02404,3.9554,-5.6687,-0.29486,-15.514,-5.5132,2.472,-1.8511,2.9863,-0.65013,-0.5481,0.87849,2.7145,1.973,2.9748,-0.85692,0.055629,-0.50562,0.33194,-0.71908,3.0718,0.60174,-0.089963,4.2211,-8.5259,3.5806,-1.5015,-0.27553,4.4533,-0.96844,-4.2202,20.908,-1.7048,-0.1024,-0.59617,-3.8238,2.0096,11.115,-1.2327,-0.93601,8.5771,-0.90396,-1.1017,2.1935,1.7594,4.3993,-0.04691,-2.6512,-0.81556,-3.8941,-0.1894,1.0015,10.707,-4.4078,-1.2793,-3.6979,-0.74651,-0.47941,-2.8634,-3.1728,0.16268,1.0866,-3.5898,3.2645,-9.4346,-1.2131,10.528,1.3979,-0.078592,0.6799,-12.095,-8.8179,0.87461,-5.4959,-1.6419,-1.4141,-0.30216,-0.79578,21.739,0.60559,0.43576,-1.6856,-1.7571,1.8376,0.23915,-0.75337,0.28932,3.1526,9.9236,0.63205,4.4598,15.868,-3.8976,-12.079,3.5675,1.0678,-0.76543,0.93031,-2.1115,3.3309,2.9678,0.69822,-3.2401,-3.4366,-1.1925,-1.8052,-0.59494,2.8911,-0.20621,1.8792,-3.2009,0.33401,-0.81996,-0.80127,-1.1485,1.9817,-2.8734,0.52117,-1.57,2.7459,4.7469,0.20956,15.323,0.04619,0.42146,-2.4626,-1.0961,1.521,1.1975,-0.21523,0.10577,-6.5524,-1.4109,0.62985,4.7682,0.8585,3.3086,1.3209,9.7847,1.589,8.6656,-0.22934,-2.1285,-3.0839,-1.4235,-0.39444,2.4773,-2.0923,0.52653,0.80789,-1.7361,-0.23717,4.4647,0.079765,-0.8179,-4.0678,1.868,1.2444,-0.52793,-1.2258,1.2794,0.7169,5.4241,0.34658,-1.555,-6.6238,-0.50784,3.2295,-3.8682,1.3756,8.8025,-1.6334,2.0798,0.95088,-0.54401,-2.0922,3.034,2.0742,0.192,0.045603,0.64915,-0.42966,-1.4822,-12.219,6.4447,1.5294,3.7304,-0.79271,-0.61933,-5.2568,-1.6518,-0.10583,-0.33782,8.2713,0.20358,-8.2618,-4.4985,-0.96845,0.48425,-8.6947,-0.74557,-3.0504,-2.5844,-2.0291,0.7823,1.5078,2.0055,-2.4814,0.67255,0.53669,-0.66156,-5.339,4.9522,1.1659,-1.7812,1.2213,3.5605,2.4764,-1.4265,0.72112,-2.436,1.5678,-2.3242,-1.515,-6.7219,-5.2996,-20.278,-2.3149,0.041249,-4.1548,-0.61388,-0.74436,1.4016,-1.3657,-4.5723,3.3275,-2.8279,-4.2682,-9.7673,-21.086,-2.9237,0.68963,13.524,2.3136,-3.7343,-1.0368,2.9281,-11.81,-12.806,0.72906,2.2257,0.63676,-0.090446,-3,0.92219,-1.0201,2.3624,0.12616,3.5677,-0.79012,2.0914,-0.10429,3.349,1.0194,9.6166,1.9809,3.0283,4.8773,-7.5989,-0.3524,12.646,0.048132,-0.55931,14.025,3.8272,-2.2584,4.0897,1.6394,-0.6412,1.23,-0.93289,-1.3353,-6.8364,-2.2508,0.21423,3.0147,-6.0658,-12.719,2.2251,0.54508,0.93862,1.2585,-1.2608,12.875,1.1015,-5.4481,3.9224,-4.7694,2.0282,0.50793,1.1784,-1.8596,1.9441,0.81388,1.4128,0.94049,-3.7381,-0.85828,-0.060188,-0.74974,-1.9329,-0.83135,0.04945,-22.912,0.23302,0.1058,-1.3852,2.4622,-3.7367,5.6069,-2.7532,0.3221,3.2233,-2.0981,-4.5342,-0.33385,2.2267,-0.4936,0.52376,0.44527,2.75,3.8443,4.2656,-4.6375,4.3853,0.23237,2.9,-20.479,3.3311,-10.949,0.65632,0.70096,-4.623,12.493,0.31467,0.87874,-1.4584,-0.79054,-1.7923,-0.14055,1.1963,0.23484,-1.1784,2.6705,-7.499,0.21373,-0.93649,0.61638,-3.593,18.239,2.8092,-6.2764,5.2111,0.86374,1.3415,0.17591,-14.927,10.776,-2.0599,15.533,-0.36539,-9.1213,2.4484,9.8163,1.4378,1.3344,2.6368,0.58297,-2.9939
0.74181,8.7622,-3.0813,-1.7121,-1.6552,0.91296,0.95402,40.154,-1.4013,2.0062,-5.7761,-3.5706,1.2524,-2.3367,-6.017,0.6665,-0.84518,-5.1471,2.6434,-0.70217,-0.2606,6.8371,0.98362,-3.9087,2.6155,-2.3303,-13.05,-0.077893,6.086,-0.87173,0.10305,3.2346,2.1689,-0.22517,0.87608,-2.4651,2.2272,1.6644,0.7269,0.84625,-11.149,0.92089,-2.8057,-2.5326,3.1589,-0.097387,-1.3138,-2.4507,-2.2303,-4.2825,14.866,-0.86747,0.039776,1.8795,1.546,0.54006,18.617,4.8551,-0.36505,7.7728,-2.5646,1.422,-1.3973,0.26878,6.3077,1.3824,-3.2356,2.2254,1.3641,0.8702,-3.2375,-3.0958,-1.9789,42.077,-0.71316,0.50664,-2.254,1.1253,0.15581,-2.5802,-12.569,-9.3546,18.94,0.4282,5.9696,2.5907,-1.6301,-0.18455,0.54242,3.4362,0.84779,-0.45968,0.71459,0.6409,-2.0455,1.1889,1.3636,1.0877,-0.40609,-1.5306,-2.9905,-3.3794,-6.7596,20.183,2.3436,-4.64,-4.8854,1.5738,-2.9535,-2.0179,5.6395,-0.051552,5.9649,0.11506,1.6059,0.14619,5.2246,-0.94052,-0.33612,1.4876,0.20919,-1.3397,-6.8701,10.961,4.2243,35.669,-1.822,-1.5126,-0.83599,1.5856,1.8026,2.335,0.68583,0.30698,-0.99995,-1.629,-6.9956,9.3175,1.0167,5.3329,-0.25637,3.7939,-1.4953,0.80555,0.064034,30.788,0.68264,4.1856,-0.59805,2.2074,-2.6509,4.5889,-48.357,10.628,0.34503,2.4359,1.2038,1.358,-37.696,-3.8466,4.9407,-7.1834,2.8575,0.19047,0.31878,3.4415,-28.917,-5.2729,3.5496,-1.0279,2.9641,1.3271,-0.39627,-14.284,9.4831,1.0432,-2.6678,-0.22051,1.3413,17.994,-5.2012,2.4586,-1.9827,-3.1324,3.4932,0.2661,0.70324,-4.1765,10.191,-1.6221,12.511,-4.595,3.7756,2.3843,6.3396,-6.9196,-1.8645,-1.3585,5.2487,-31.025,-0.53461,6.5909,-7.9222,-9.4353,-1.4384,3.0676,-0.12314,-1.0814,9.5328,-16.406,10.882,-1.6286,-11.394,-1.4383,31.397,-0.83133,0.33017,0.050407,-1.2909,0.35328,-5.2428,1.1625,0.20115,-5.9748,-8.5664,0.88553,-3.1684,-0.064398,-0.53095,-1.3318,2.1244,1.0347,1.1454,0.73253,-1.198,-2.0222,0.046456,0.43118,-0.19307,1.0912,-3.771,-3.6278,-1.747,11.895,-0.1614,0.44494,1.476,-1.0937,6.2224,-1.2778,-2.5147,0.43805,6.2278,-2.1154,5.1358,-13.157,1.2672,-3.6148,0.5025,10.163,-4.7556,-33.225,-0.7215,0.49661,0.53213,0.70369,-2.9636,-1.0628,-10.112,0.0050744,-1.9156,2.6818,-1.007,-8.6337,-0.10927,5.0776,0.020373,0.66969,5.8745,0.12806,-3.2811,0.88363,1.3858,2.8256,-3.5287,-1.8244,2.7352,0.96321,0.21371,10.016,3.3966,-1.9575,3.7861,0.8569,2.8504,0.55689,0.29146,-4.9042,3.759,-0.34087,1.9027,-0.078802,1.7751,0.024361,3.7412,5.4292,4.1209,4.2884,0.18683,-0.43023,7.3097,-1.3043,-4.6126,5.6659,-22.477,-0.39153,18.941,-8.253,-0.45733,-4.903,14.374,0.10712,-2.5679,-6.1732,2.6912,0.9281,-13.971,-0.35849,-2.3209,-0.28223,-0.53596,0.092186,-5.4024,5.0204,2.3735,1.1901,0.073963,4.8557,-0.36965,1.0291,0.78895,-0.51083,0.81538,1.2014,-0.32808,13.583,10.165,47.729,-9.4033,0.084386,1.2605,0.43172,-2.06,0.85566,-0.065831,-0.081417,2.6281,3.186,1.0656,38.998,14.633,-0.37967,-1.0701,-0.20606,2.2951,-1.1957,1.0521,-2.6599,14.224,15.218,1.5924,0.37336,1.5162,0.218,-1.356,-0.078081,-4.452,0.12536,-0.18209,0.35342,-1.2229,2.5657,-1.5856,-3.5495,-0.51858,-14.231,-3.3447,4.7173,-9.2189,4.2649,-0.31042,-24.283,-2.7853,2.6615,-30.42,-0.015092,3.1061,1.9281,-1.6274,0.66603,-1.5544,-1.1671,2.7322,3.5915,0.16295,-0.035651,0.56052,-2.2414,15.616,2.3125,2.5336,-2.9905,1.3589,1.0081,-39.809,1.3384,-6.0273,-2.4601,-0.031693,2.0778,-0.31313,1.3358,0.51784,-1.1136,0.091271,8.1529,2.4063,-0.16054,1.9453,2.2154,2.2695,7.2489,1.2957,1.1309,54.81,6.1425,0.39759,2.9524,1.7318,-6.3969,-7.387,-2.5796,-0.92984,4.7688,3.3855,4.8056,0.17321,-0.78276,1.0119,2.1844,-1.493,-1.1705,4.407,7.4034,-7.0568,-4.1171,0.2868,-0.26567,9.4493,-3.4557,13.606,0.85899,-1.5538,-2.8756,3.8591,-6.8601,-52.431,0.35937,-0.24994,3.2801,0.087992,-0.88712,-0.14369,0.71647,-0.35977,3.6771,0.17722,1.4385,-0.72772,-3.3388,0.38882,0.41681,6.8506,-1.1284,0.011512,0.13012,0.17909,43.069,5.3597,-6.1809,-42.333,-0.17599,28.453,-1.6247,-0.84265,1.1405,0.98175,-1.4166,0.46352,-4.1131
0.69591,7.2102,-1.8479,0.63309,-2.441,0.15673,5.8793,-2.2194,0.39389,1.4312,0.2209,-0.39623,5.3684,-0.26114,8.0479,1.6204,-3.5173,8.8331,2.889,-1.0192,1.7602,-5.1505,3.6141,2.6319,0.61622,0.66805,2.0154,-1.2803,2.1802,-0.29544,0.19149,-11.724,-2.9997,0.20619,0.89219,-2.0791,-0.4334,1.3808,0.48212,-5.8255,29.572,-0.57342,1.2573,2.2704,-9.2259,-2.326,-0.82546,-0.97983,-2.2779,7.8463,-1.6346,0.13774,-0.08218,-0.47155,0.95325,-0.86207,-5.4917,-0.61878,-0.36877,-3.0276,-4.6435,0.54216,-0.80512,2.166,4.3274,-1.7646,1.2799,-8.8904,-2.2668,-0.33321,9.8952,8.7129,-0.45651,-6.1626,0.75613,0.25988,7.354,0.76864,-5.8202,0.95803,4.3407,1.1873,0.49202,0.011609,-11.363,2.9635,-0.57454,-0.071959,-0.71421,-2.1062,0.68162,0.35949,-0.72342,5.0198,0.4318,2.0572,0.413,0.22633,0.7651,0.94684,-0.13615,6.0249,3.7645,0.1063,-1.4422,5.0852,7.9269,-4.9205,-2.5944,1.409,2.8808,-0.56686,-8.5942,-2.331,-1.2525,1.4277,-2.2584,0.82211,0.22623,1.0174,-0.60005,-3.5072,-0.88885,0.050466,0.47599,-0.52732,14.824,-0.59233,-2.6106,-3.46,0.69495,13.746,0.84542,-2.1597,2.4916,0.12967,-2.12,3.6584,0.55484,1.153,0.58378,-13.437,0.41674,-1.6136,7.9945,-3.9771,5.9134,-3.2303,0.62232,0.60904,-2.7614,-3.125,2.1357,-14.92,-0.89968,9.3108,19.908,-0.62583,3.0293,-0.10944,-5.6622,-1.253,-5.9479,-0.92997,-0.29885,2.6368,5.4927,-2.6303,1.7419,0.66586,1.7747,1.5036,-0.41927,2.0159,2.5888,0.77888,-3.9878,-0.98241,-0.51033,-0.86975,10.523,-1.3905,0.014162,7.7894,2.8633,-3.4771,-0.51935,1.812,-8.1483,0.93374,-3.3052,30.098,12.306,3.4323,-1.2207,1.9945,-1.6282,-1.6297,-0.7584,6.861,0.55124,-15.319,5.3995,3.3962,-0.13306,-6.3032,-3.0311,-2.2591,-27.895,-5.3007,8.7731,-12.597,-0.49172,-1.7165,2.1096,-6.9838,-0.85928,-0.73331,2.0433,1.8674,11.175,-5.4851,0.71659,8.8861,25.113,0.8577,4.6312,0.65539,5.3119,0.98383,0.016471,-6.5856,0.45945,-7.1773,-2.0109,-2.5641,-1.0084,-0.29049,0.58761,2.0165,-2.5283,-3.0595,1.8009,-4.1344,-0.20791,0.25517,-0.7845,-5.2426,4.079,-3.5818,3.7947,-0.52686,-8.7593,5.6511,-3.3229,-2.1809,0.77213,1.8451,-1.9824,-13.022,4.9939,16.132,-0.28345,0.11892,-0.49484,1.1514,0.93779,6.8617,16.413,0.40813,0.79669,1.8677,1.3626,5.4545,-1.3776,1.8176,-2.6144,-15.311,-2.3818,10.939,-0.46706,0.74458,-1.5655,-23.953,5.9203,-2.5139,-3.7819,1.1019,-25.123,-15.312,-7.2042,-0.12681,-4.4518,-0.79784,-14.85,1.0137,0.92186,1.8645,-18.196,-0.1178,-2.2625,-0.62552,1.6108,1.4408,3.0888,-11.929,-8.7826,3.7893,-0.61777,0.42031,5.1833,1.3739,16.04,-0.34511,2.23,0.032532,1.8397,23.585,0.41142,5.679,-3.4986,1.2799,-0.33636,3.6254,3.2413,0.80884,-0.57148,0.36749,-3.5611,-0.51555,6.8369,-0.24801,24.285,-7.9011,-2.7543,1.948,3.9825,-26.705,4.5464,2.659,0.94308,1.4137,-1.0049,5.7872,-0.55076,-1.1496,1.3163,-6.0224,10.144,-1.1602,-0.21492,-1.1878,-0.066532,1.6508,9.7804,-2.61,0.8742,5.164,0.13317,-8.2302,-1.3333,1.4918,0.88686,3.4872,-1.3406,-0.24023,0.50849,-0.57326,8.3395,8.8107,0.43706,1.3339,0.89473,6.1406,-4.8841,-0.445,12.02,-6.2344,0.58218,-2.7588,0.30247,-11.977,-2.0461,-8.6153,0.35367,5.0016,6.106,8.0202,-17.978,-0.58494,0.50467,0.54583,-0.7472,0.46222,1.8107,-8.4356,-7.1454,-10.604,3.3128,-0.19779,-1.8908,-0.39253,-0.17648,-2.7521,10.247,1.0093,-6.1913,10.002,-1.7054,-0.91922,-2.8894,3.5138,1.6703,-0.51903,8.7829,-1.8556,14.103,10.004,-1.7619,3.0142,-0.27298,0.50771,1.4441,-1.3874,1.5934,-12.372,-1.0028,-3.3073,0.080145,2.1912,-3.9526,8.1984,-1.8213,1.0488,-1.9253,-8.1117,-1.9396,1.1921,0.97416,13.544,-4.4283,1.5357,-2.046,2.4839,-7.0839,-7.6176,0.19336,-2.3442,1.7543,-1.0674,0.49533,-2.0624,5.1283,-13.725,9.457,5.1517,0.3696,-6.9653,5.5847,-5.7224,-11.849,-3.5297,0.77816,-2.2837,-6.6725,5.3242,9.4509,0.89131,-0.52213,-0.95676,-0.54649,-1.6654,-6.1462,5.7158,3.1599,-2.3825,-0.39803,0.41074,-0.18363,9.0487,-21.238,-1.7327,7.9228,-1.6257,-0.24156,-1.2433,-1.3151,-16.704,-21.101,-1.3672,5.5073,0.21655,-8.1243,-0.79294,5.1651,1.6744,-0.60443,-1.7874,-0.54089,22.3
-0.16438,16.774,-2.0536,3.6372,-1.7889,1.8324,-8.5243,-3.4379,-1.5962,-1.2473,0.97384,-1.9505,7.7204,-0.024953,-19.422,-0.67422,-0.49088,-9.6782,-0.19493,2.8194,-0.15612,6.4756,3.8608,-2.4136,-2.0749,0.31261,-1.2141,-1.1526,5.3604,-0.094944,-1.7678,15.237,-1.1206,-0.13555,-3.2297,2.9972,-7.2264,-0.047389,-0.58691,2.4893,0.77574,0.172,-3.3381,-1.7148,-0.8485,-1.4662,-1.2266,0.38769,-4.7675,-19.146,2.8703,0.64359,-0.36693,-1.7018,-0.03616,-2.1444,-2.3039,11.678,-0.22633,3.7348,-9.9374,-0.78097,-1.1234,-1.4904,8.9328,8.8159,0.70695,8.7584,-0.032098,0.32698,-15.752,-4.1124,3.8513,4.4398,0.043982,0.83857,6.7235,-0.025969,-2.9832,1.1309,-31.349,5.1888,4.1476,0.57703,6.5189,-0.66819,-0.99581,0.4848,-0.93556,-8.4049,-0.84417,-2.6756,0.48486,8.0412,-0.61052,3.4172,1.5347,-0.56983,0.50565,0.14941,-0.42624,7.166,-12.475,6.6529,6.2313,0.17478,-3.0768,-5.0371,-4.5076,2.1681,-4.1004,-0.21901,10.283,1.6124,-0.050099,3.2724,9.2664,-0.23914,0.54963,0.52157,-0.33701,-1.2077,-8.5177,5.0122,8.624,-10.535,-5.5353,0.60326,8.7867,-4.934,0.012954,12.844,0.035829,-0.83654,-1.6304,0.57784,-0.23507,5.1064,-0.11584,1.3923,0.49264,-0.069826,-0.77797,0.027328,-7.0119,-0.8838,-0.43952,8.439,-0.49035,2.571,-2.6692,9.3293,-0.44677,17.9,-0.57922,-4.5554,3.4882,-0.4563,-3.7322,2.3294,-17.43,-6.1799,-4.196,0.85132,-2.3098,1.0275,6.7725,-2.3438,7.2535,-1.7229,4.2884,0.034579,0.25153,0.86145,15.064,-0.2479,-2.5103,-0.92768,0.62292,-7.9081,-13.834,-1.6458,0.5816,1.3277,3.2046,11.362,-1.0394,-22.05,4.1638,-0.1691,2.6835,15.914,14.132,-1.6002,5.2695,-1.4748,-1.2541,-1.0897,6.1662,-9.711,0.52482,6.4677,-11.218,-7.7951,1.8567,7.6958,2.0427,0.082021,-7.2421,6.546,20.751,-8.6973,-13.082,-4.7946,4.7178,2.8609,2.0245,-0.2709,1.0864,-0.71442,-3.024,-10.928,1.2999,-16.363,-10.513,1.078,3.1365,0.2507,-5.5774,1.2435,2.5744,8.3829,0.6388,10.56,-0.99511,-2.5519,-0.48874,2.5782,0.70912,1.5697,-3.6623,-5.682,1.3004,-7.9832,-0.071026,0.50489,1.5838,-5.6133,1.1768,-0.40948,-8.7127,0.94033,-13.954,1.1839,-2.93,5.1358,-0.37761,-2.9398,-0.82912,-3.5845,10.145,0.45112,2.0558,-5.5979,1.3106,0.55849,-3.1454,3.8817,-22.065,0.49398,0.61627,1.8234,0.89711,14.097,0.02159,2.6959,3.783,-0.048589,0.40941,-14.598,-1.5946,-1.0769,0.092055,-3.8132,-12.754,-2.613,11.352,-2.6757,-3.9361,-4.0502,-7.2827,-6.92,2.4302,-0.79264,-16.38,-1.0643,-2.1102,1.1035,-2.5986,1.5308,-1.0601,-0.34532,5.7923,-1.7442,7.1772,-0.93028,11.905,6.373,1.1109,-0.75382,7.4365,-0.53692,-16.291,-3.3268,-5.0145,-0.082642,1.5218,2.1584,0.086144,-11.076,5.0124,-0.42409,2.2,-4.9073,-0.9337,-0.76526,-2.8772,3.0599,-1.7272,-0.40813,10.805,-0.63924,3.1658,-0.79569,5.6504,-2.1138,4.5822,-4.037,2.2069,-0.36776,0.41621,2.3954,-1.0937,5.6878,-1.039,4.5887,-0.89419,3.9262,-16.311,0.72814,-4.2745,0.023754,-0.57225,0.68272,-2.357,-0.95906,6.9449,-3.1749,-1.5227,-1.7903,17.437,3.8968,-0.66356,11.2,-1.5836,3.1894,0.46799,-9.1856,4.7734,-15.121,0.92204,-0.7372,1.1847,-3.4599,-4.717,-0.022584,-15.455,-3.205,0.80909,-3.9243,0.73334,-3.7341,-1.612,2.305,-0.51165,12.041,3.4212,5.2901,21.921,10.227,-0.86458,-3.7,0.14313,0.58935,-1.2113,10.154,17.049,-8.5893,-0.88603,0.103,0.90316,0.32752,1.6413,4.8028,-10.421,-0.53767,3.6192,-7.3572,-6.0934,-0.385,-0.16396,-11.381,1.0805,-1.0969,-7.9952,-0.059586,2.9104,7.8318,-3.4614,1.4007,-0.018393,1.5567,1.437,2.6082,0.59299,0.52653,8.2465,-1.0842,-3.7949,-2.3016,1.8766,12.844,0.018072,2.4915,5.4616,25.689,1.3344,-0.49702,10.586,2.9892,-13.322,1.5693,1.7261,10.61,1.0728,-13.062,0.52555,1.4007,1.5264,1.4167,-0.06378,0.14308,2.7704,-2.8133,-0.88954,-12.722,-0.030306,5.0361,15.477,-4.6437,11.315,13.772,-0.60257,-3.17,10.753,-16.864,13.151,1.3025,-0.49101,-4.9636,-0.59541,2.5084,3.2354,-3.4062,-4.4232,-11.981,0.33052,-0.38296,0.92135,0.80504,-18.714,-2.1045,-7.7138,-2.3861,-0.33349,10.814,-0.29461,-4.9142,-6.2686,0.74636,-5.2851,-0.44792,0.90852,-1.3292,-6.5586,0.77699,-0.39652,4.7031,-0.22191,4.8068
0.44856,-3.5964,1.363,1.3771,-1.6757,1.8095,-4.8389,10.225,-1.2147,0.095892,-4.8319,-2.1751,-2.8336,0.34683,-16.778,-1.7103,1.8263,-4.7093,-4.1486,2.4529,-1.1068,3.6163,0.36248,6.9964,0.45676,-3.3043,-0.33468,-2.0263,-1.3336,0.28653,0.43063,7.8765,1.0333,0.34604,0.2783,0.88108,-1.2525,-0.78787,-0.97466,3.2174,-21.368,-0.5017,2.8066,2.3981,10.98,-1.9746,0.64419,2.1257,0.23354,-9.8724,4.468,4.582,0.9933,1.0815,0.99571,0.5489,10.245,-3.4374,-1.3723,2.8953,7.4557,0.98326,-0.18692,2.2928,-4.0028,9.0457,-2.2675,7.8384,3.6524,-2.0457,-7.2833,-6.3154,2.3466,18.267,-0.50191,-0.61938,-5.1417,2.2128,2.4856,-3.2454,-3.7288,-2.968,4.0258,-0.016884,6.574,-2.3305,0.046436,-0.014663,-0.23556,-2.4059,-2.1294,5.9378,0.057975,-4.3954,-0.93264,0.9391,-3.6756,0.24432,0.86469,1.4602,-1.3412,-3.0234,-9.1438,6.7037,4.3836,6.3402,-2.911,-4.5202,0.47163,-0.079511,-8.6018,-1.3714,9.3069,-0.87164,0.085931,2.7523,7.0085,-0.11212,0.30356,1.9524,-1.0305,-2.104,8.2823,-10.305,-4.3336,2.3363,-7.8822,1.2217,5.8429,-1.3673,-0.6517,-3.6294,0.03608,2.557,0.71883,2.3002,-0.83389,-1.2168,-0.25136,1.3504,0.9037,10.423,-1.2426,-0.52874,-3.5726,7.4099,-7.3456,8.6793,-0.47949,1.2428,1.6634,0.29451,-19.089,11.949,-0.09387,-10.14,-15.48,-0.33869,-5.3678,2.3133,1.6909,2.6334,0.1425,-0.78216,-0.97979,-4.7832,-10.024,-3.5546,-2.8256,-3.7793,-3.6903,-1.6882,0.61111,-4.0569,1.9931,0.7799,-3.6183,-1.0395,-1.5575,6.6537,-14.371,0.31533,-2.4162,-4.1252,4.0073,-0.93918,0.37926,2.9835,9.5672,0.061617,6.9341,-17.755,-10.798,-4.2843,-3.0068,-2.3896,-3.8891,-0.90565,-2.2323,-3.2747,-0.060119,6.4678,-3.9575,0.30801,-0.066233,4.7656,-0.5326,-0.61332,12.741,-3.0161,-2.2633,12.504,3.6647,0.36265,-0.91701,2.8375,1.7444,-0.19504,-1.377,-2.4921,2.5336,4.0491,0.47688,-1.5164,-13.878,1.3687,-2.1262,0.28894,0.18596,0.5666,2.7124,8.9546,0.88665,5.3014,-2.0366,0.25182,0.59537,2.6106,1.4915,-0.80829,-2.5383,3.5645,0.72496,14.963,0.40614,0.30636,-0.96806,-2.263,4.6962,2.3058,-5.477,0.69541,-7.1593,0.25787,2.7763,-7.002,3.058,3.8546,-2.19,10.46,3.825,-17.899,1.1379,-2.8753,-1.2286,1.4669,0.4154,-5.3771,-17.082,-0.52537,-1.9447,-2.1283,-2.0226,-11.283,-0.73068,2.4189,-2.7107,1.9262,-0.41633,-10.214,-3.8836,-1.455,-0.57804,17.577,-1.6935,-0.73254,-2.7633,-1.4668,14.865,2.3236,-1.3551,4.4547,2.8338,-1.1594,9.2895,-0.16094,0.88487,-3.7464,9.425,-0.14115,0.18959,-0.35475,3.4309,0.18387,1.0045,10.375,7.9924,6.6283,0.60866,1.3543,-3.5,-0.23239,-7.7538,-0.42483,-4.7109,-0.024162,8.667,-12.529,0.8928,-5.3052,5.4666,-0.11275,2.2108,4.5246,-1.1026,-0.19778,0.014403,3.5387,-2.1178,-1.1434,-2.3504,-0.37688,-16.213,2.6424,-2.6116,0.2398,4.4602,17.193,-0.36422,-4.581,-0.94864,0.095206,-0.73663,-3.0841,-0.26415,0.38922,6.9551,6.4032,-14.021,1.6833,-4.8037,0.6071,0.04174,-0.57667,-4.4824,0.86151,-2.038,-0.94402,0.27132,9.2529,-9.7239,6.8383,0.10699,7.5785,1.5317,1.9161,-0.97108,-5.0548,-10.056,-7.6629,1.3139,1.3235,2.4528,-0.049693,1.6476,-0.27843,-9.1596,0.39873,-0.68333,-2.8245,0.4086,5.9505,-1.5964,9.3745,-0.3424,-0.31258,1.5615,-1.8559,11.502,2.7874,-0.38371,-8.4965,1.3359,0.14893,-9.7564,7.6018,12.145,5.6435,1.4183,0.59977,2.2164,0.086519,-0.42242,-0.51852,-6.0532,0.27868,1.6653,-4.5528,-1.7337,-0.24732,1.4494,-7.0408,-1.1028,-0.64121,-13.513,-0.26882,-10.539,2.2519,1.4828,0.5882,-0.84343,-0.50153,-1.1674,-0.33263,-0.25415,4.5119,1.5377,0.95873,-2.0878,-2.5208,4.0108,1.2897,2.7796,0.13744,8.0911,11.396,0.33727,1.736,-4.6789,-3.4431,-1.8861,5.6832,1.9101,8.1326,3.3394,-0.97997,-0.62896,2.1271,0.55601,1.5723,-0.5876,-2.4593,0.64373,6.5768,-3.8088,3.0673,0.32464,2.7482,-2.2207,1.9644,-1.7023,6.217,1.2247,1.5141,11.421,-9.9235,-28.954,0.68704,0.51727,3.0321,-1.1261,-1.3223,5.2368,-4.2902,-3.5292,-1.4054,0.5435,0.097885,-0.040411,-4.9551,15.651,0.2809,-2.7201,0.010069,-0.59948,7.4935,-0.10624,24.237,14.427,-0.23443,-17.982,-1.4699,6.3888,1.5052,2.9734,-0.73007,-0.26371,-3.7083,-1.4598,-12.151
0.92892,-26.17,2.7846,3.5187,0.053088,-0.47447,7.402,26.596,1.9274,0.095861,1.565,-1.0269,2.1317,-0.065054,11.83,1.227,0.46362,7.5776,-2.8438,3.1809,-0.8652,-7.7918,-1.7923,-8.5324,0.81802,1.1654,-9.9585,-1.2469,19.642,-0.68132,-0.10673,-9.0185,2.9504,-0.20458,2.8219,2.2077,1.9361,1.0633,0.1091,0.93689,-12.349,-1.3437,-3.882,-2.5417,7.735,-3.1498,2.4525,1.7957,-2.1328,8.6888,12.504,0.091473,0.11253,0.42754,-0.36425,0.8243,13.835,-14.288,0.68123,-10.608,-20.291,-0.81671,-0.261,-1.7652,-12.935,-9.0801,-4.5857,-2.0458,-2.2503,-0.35404,13.992,7.9518,-2.0012,27.342,-0.066574,0.12236,-10.217,-0.78156,8.0083,-1.0664,38.843,-21.358,6.3301,-0.7054,-11.513,-2.1008,0.54869,-0.56769,1.8194,12.685,-0.76529,-6.6783,-0.32041,-3.2492,0.3639,3.0677,-0.48362,0.46782,-0.96541,-2.3646,4.2745,-5.3278,2.5467,10.258,-10.164,-10.384,1.5158,7.7573,-34.584,-1.4619,23.015,0.42135,-10.505,1.0166,0.69914,0.95964,-5.1148,-0.59787,-0.22391,-0.318,-0.3942,1.5208,-4.6117,-9.9227,-14.013,31.573,3.5414,-1.8366,-4.424,5.7539,-0.3353,-16.556,-0.63878,0.87445,-0.83989,-2.0366,-6.7713,-10.747,0.61972,-0.53861,0.69199,8.6341,-0.61319,0.021463,-10.977,16.365,-2.5713,-1.2115,0.12413,-5.4276,0.93366,16.544,-29.716,-15.74,-0.8729,-2.6608,-8.5822,0.57511,-20.725,2.0676,-6.3973,-19.353,4.0236,1.6068,1.1212,-2.44,-13.156,1.7352,-13.717,0.18752,-1.6444,-2.9656,0.5682,-8.799,-0.084603,-0.13496,1.1202,0.65071,2.4198,10.558,5.9018,2.9321,0.16139,-0.47465,-0.34364,25.763,0.88746,-14.655,0.49464,-0.11471,0.70965,-22.961,-26.485,-0.78423,10.779,-5.1822,2.1254,0.18873,-14.05,-44.638,-1.2988,-6.3565,9.5811,12.552,-1.7581,-7.9448,1.2332,2.3075,13.974,-12.05,-35.361,-4.4782,-31.691,10.254,12.15,-0.68169,-0.70562,-0.88536,2.1504,1.608,-21.071,8.9322,-1.7687,21.598,5.6983,2.0966,2.4099,-0.13528,-5.3343,0.92379,-2.3038,-5.1405,1.1006,-7.6698,0.61855,1.2549,-1.7819,-3.5706,-0.11614,-0.069626,-5.0871,12.768,-0.14866,-31.236,0.2181,-0.3837,1.2165,8.5033,-2.0883,2.5716,5.3869,-0.7078,8.5609,-5.2066,2.2215,-7.5747,-0.87562,-1.7157,-1.2773,5.0478,-4.2151,-31.132,0.71124,1.3313,0.39184,1.9394,7.0824,-6.4529,12.525,-1.0855,1.1509,-0.83314,0.50801,-35.529,-0.34742,3.4595,1.6045,21.789,-0.52863,6.3697,2.5984,-0.87847,0.97749,11.536,-13.783,-0.023661,14.884,2.629,14.716,15.529,-0.21995,-18.406,-3.231,-0.096057,38.859,0.61921,0.17626,-0.44492,8.7217,1.0802,1.6127,-0.63982,-2.6759,-0.32013,21.197,1.8994,-10.388,0.76162,-0.15373,0.071798,-19.985,2.602,8.2303,3.0636,-4.1893,-2.1394,25.621,-9.3491,0.96161,9.8685,7.7537,0.080034,-1.0603,15.243,-0.86479,1.7471,-11.71,-1.6014,2.1958,0.48718,-2.1987,-0.16564,-12.63,1.9526,-7.7734,1.2177,-5.3925,14.281,1.6087,7.9731,-0.89905,-2.297,0.82549,-9.4264,1.573,5.3972,2.4415,39.625,10.155,-0.37552,6.612,-0.035811,1.9019,-1.6121,-0.13132,0.19979,-12.635,-2.5381,4.9083,23.933,44.251,10.654,0.2224,-17.068,0.99233,-1.1654,-0.76784,1.9892,17.171,27.561,-1.7388,-0.29598,-0.081197,-8.5579,11.655,-1.4737,12.496,8.9876,-1.7458,-0.64407,0.51353,5.8591,0.33458,-1.7367,0.94998,-7.6003,-0.79564,-11.762,-23.367,14.425,-0.27582,-13.165,-0.60956,0.33043,-13.093,-12.017,-7.7745,-5.9018,0.19086,0.021336,-0.017045,-0.83804,0.69765,8.2427,6.2049,0.46817,-1.6631,2.8509,39.718,-1.5866,-4.4911,7.6692,0.1936,-1.3877,-19.334,2.3087,-4.2899,-5.7691,6.8821,-0.47227,0.89851,-3.1918,-2.2323,-1.9618,-0.074655,3.4891,-4.3759,-1.1547,4.8799,-0.68978,-3.439,-26.225,-2.214,-3.5823,36.438,-16.539,1.3875,3.686,-15.669,-7.5607,-13.469,-0.56366,-0.60997,-7.8622,-1.8529,5.9312,0.52566,-1.594,-0.039024,-0.72249,-0.72471,-3.7888,-1.5853,4.0087,6.2724,15.248,0.04002,-1.7556,30.38,8.3665,38.798,-5.5528,-2.3033,16.346,-1.4211,3.1676,-5.337,0.50677,1.3636,2.4155,1.7774,-0.58632,-3.587,3.4942,-11.515,7.5681,-0.02697,0.65294,0.42618,-1.44,-15.853,-0.23767,2.9275,-5.0507,0.67241,-10.137,0.5879,45.235,8.8732,-2.3826,-25.141,-1.3138,22.321,0.71656,-18.31,-2.3078,0.30548,0.11867,-0.33661,-10.562
0.59969,-5.834,2.4682,1.3272,0.45019,2.5921,0.31011,-17.251,4.9902,-0.73126,3.3041,-0.20941,3.4131,0.19416,0.41271,2.2492,-0.92007,3.8855,-1.6094,-0.78533,0.49459,-2.08,6.0029,0.18117,1.1108,0.58583,2.7643,-0.42137,-4.51,-0.089764,-0.48652,-3.5032,-1.0404,-0.010163,0.71353,-0.45607,3.9998,0.66588,-1.0096,6.3181,-34.764,0.89119,2.3246,2.9774,13.573,-1.5761,2.7547,1.3934,0.58467,2.9698,-8.3187,0.75908,0.25808,-0.5916,0.79527,0.44441,-8.9133,2.4818,-1.1741,0.40093,0.17484,0.60509,-0.23839,0.87052,-7.0398,-1.6016,2.3507,1.0672,-0.87945,-0.44376,0.93556,-1.6198,-3.2277,-24.486,0.78304,0.20008,1.7893,2.2703,4.57,2.2398,4.6825,7.5425,-12.539,-0.28334,-0.759,0.52691,1.1082,0.078454,0.50748,0.75947,1.3442,4.3673,-0.065334,-0.23226,-0.016642,1.2574,0.10017,-1.3063,-0.37832,0.77892,-2.8478,-12.653,1.3575,-12.334,-3.9443,3.1197,1.1564,-4.1151,10.165,1.7508,-6.0924,-0.65112,-4.9507,-0.61367,0.62868,-0.80433,-3.2252,0.43662,-0.16439,0.39291,-0.49347,-3.348,-1.8396,-4.3265,0.31152,-15.654,-2.1126,-1.8057,0.13555,7.1511,0.058353,-20.084,0.64275,-2.5909,2.7681,-0.67366,-3.1429,-3.6066,-0.26948,0.78712,-0.0015865,16.358,0.58605,0.16771,8.6555,-14.728,3.5052,-2.48,0.62965,-0.20378,1.8968,-7.1699,29.451,7.4127,-0.81402,-2.805,-23.081,-0.20783,19.083,0.98109,-3.5998,3.7036,11.228,-1.7682,1.8608,-1.8871,8.1853,-3.2892,-5.9603,4.5015,-6.3055,-2.6437,-0.35956,9.5103,-0.6493,1.7042,-7.5354,0.94539,0.21062,-7.1896,0.82276,-0.86769,0.79592,-9.0478,-2.7194,-12.536,0.11396,4.3913,-1.3143,0.91781,-2.0665,-32.372,-21.165,3.3747,-5.4735,1.079,-2.3025,1.3765,-3.238,16.173,-0.85493,16.354,-0.41372,-1.3978,0.46485,-0.034574,-3.7005,3.4309,24.539,12.532,-9.8598,23.208,10.141,1.2061,-25.394,1.5052,-0.58151,-0.18963,0.19654,1.2315,-6.1715,5.6083,-1.539,-7.1331,-10.352,1.1947,-2.7835,-1.5356,4.539,-1.3909,4.4195,-5.0707,-0.12992,-3.1847,-1.0543,2.3513,0.10849,-3.2729,-0.096828,-0.2264,-0.30503,3.4906,0.66256,-1.3105,0.71741,0.47942,-0.24174,-5.4683,3.3242,1.2262,0.88002,1.0062,-8.9638,-3.1887,4.3111,7.1182,0.7349,2.4712,-1.3725,21.937,0.16854,-5.7114,1.5263,-1.8886,-2.7807,2.3348,-0.62243,2.8105,1.3913,1.01,0.42578,-4.69,1.1681,1.7943,-0.47334,-3.7399,-1.5053,7.983,-1.0425,1.7497,1.0596,-2.1316,1.0803,26.737,3.2824,1.2668,-13.543,1.6771,24.466,1.0377,-3.2334,2.3362,4.9315,2.176,20.178,0.79027,-1.4584,0.91413,19.28,-1.5366,-1.1304,-0.52407,-2.7503,-1.3233,-7.0154,16.236,-2.9967,3.0085,-0.36254,0.61796,-7.9611,-0.0092001,4.419,-2.1114,10.255,0.11233,-11.123,-27.274,0.65073,-3.7664,-7.2269,-0.821,-0.89262,5.0647,-1.1391,1.2,5.0269,-2.8493,-0.4443,-0.61876,6.7405,1.4538,-28.606,9.6905,2.0913,-1.7018,5.9331,23.497,3.2244,-8.5699,1.101,-4.7346,1.9201,-13.588,0.47785,-5.4294,-5.4568,-20.284,6.6508,-0.19023,0.4095,0.44081,2.0693,-1.6545,0.2116,-5.8892,0.32396,-0.27114,2.9749,-21.775,-19.632,-2.7518,0.54832,7.7022,-2.5847,-2.2375,-1.697,1.4687,-10.031,-9.4316,0.36845,1.657,1.6813,2.6394,-2.4713,-4.1306,3.4312,8.5752,-1.6401,1.3787,0.44382,17.315,0.76716,6.8408,0.040941,12.034,0.61098,-7.9703,3.7479,-3.7338,0.4667,13.805,0.89912,-0.9904,19.54,1.6098,-3.5326,15.339,0.50594,0.17893,-0.49747,0.30612,-0.24965,-1.355,0.97683,-0.41265,1.4904,-3.069,-6.1545,1.9685,0.84918,3.2706,0.33212,-0.65343,18.653,-0.80647,-16.479,7.5503,-3.3713,-2.2069,-0.67825,1.4435,-0.58433,1.7624,0.36605,5.1733,0.061099,-5.4897,6.7174,1.3106,4.0167,-8.6143,-1.0461,-1.8238,-29.416,0.13242,-0.81783,1.7059,0.78566,-13.411,9.4512,-4.4971,-1.429,-0.50245,8.5394,-8.8826,0.45723,-1.2447,0.32742,-0.0002752,-0.75992,-5.7682,0.77126,14.806,-5.2166,3.0377,-0.53807,0.6781,-12.344,8.6178,-2.2648,-3.2762,0.40168,-5.0572,25.33,4.1176,18.477,0.45613,3.2984,-2.8966,-0.25768,1.2621,-1.3802,0.81021,2.9295,-5.6253,0.30189,-0.45806,-0.02787,-11.185,26.732,-0.62107,-5.4076,-0.55098,0.61948,1.0978,-0.50746,-11.046,22.443,4.8262,23.194,0.71588,-15.143,0.524,11.61,-1.5775,-0.044741,1.6179,-0.063499,-22.541
-0.76471,26.447,0.62282,1.1879,0.53332,2.5373,-3.961,3.4399,-0.92003,-0.73324,-0.925,-3.524,6.6629,0.42963,-14.74,0.47044,0.83877,-12.454,-1.5602,-2.0203,0.68456,8.4162,2.8392,-5.6588,0.90069,-3.0069,1.0601,0.36395,-4.2234,0.24371,0.69582,11.958,-0.84132,0.31522,-1.5525,1.7237,-2.8648,-0.63229,0.92742,0.64819,-10.396,0.9914,-2.5991,-3.0193,5.5814,-1.2189,1.4635,-2.5432,0.68805,-9.3167,3.9663,-0.36393,-0.81932,0.070019,0.63569,-0.69417,-0.073241,24.78,0.56178,11.371,-3.2083,3.7213,2.5402,-0.12958,15.298,3.121,4.8679,4.0767,2.8278,0.21701,-11.137,-11.675,-1.4899,7.3156,0.79675,0.28309,4.9595,2.2467,-1.7922,-1.3147,-34.417,15.07,3.646,-0.78205,10.617,1.7096,0.33461,1.2444,-2.1054,-8.67,1.6135,-2.0429,0.22816,4.0738,-1.1338,-0.26948,6.1096,0.61068,-0.12525,0.32811,-5.548,0.58976,-8.7817,4.7717,9.1532,4.1733,-3.7674,-9.2989,15.679,1.3148,-6.9932,-0.017181,12.725,-0.34725,0.43445,0.36329,7.1006,0.401,-0.16419,-1.3826,-0.68195,-2.6227,-9.6415,27.303,16.865,-4.2238,-9.2644,1.8585,5.8184,0.88532,0.98741,2.5532,-0.46936,-1.5372,-0.54784,0.54271,-0.5399,9.3626,-0.78592,4.3679,0.40984,4.1208,-0.31283,-1.0929,-5.4564,4.0541,0.6205,5.2237,-0.33166,5.5156,-0.16639,1.5097,-4.492,30.06,2.0255,-3.0778,-2.1457,0.46725,-4.1093,-1.9896,-8.3092,2.4544,2.1326,1.0194,0.10243,2.2381,-3.0381,-6.3225,17.511,2.4056,1.7783,3.2641,1.114,-7.6412,12.356,-0.065483,-3.7081,0.99975,-0.066785,-2.7223,-5.3966,-0.52364,-2.033,-2.6291,-2.0491,-1.9659,-0.13851,-4.7907,4.995,-0.30992,4.8689,9.6417,21.933,2.9793,4.9993,-1.6984,-4.6528,1.3505,13.222,-5.513,0.4379,28.324,-10.958,-16.658,1.1003,7.0451,1.8143,-0.64544,7.4434,4.0423,32.181,4.0981,3.2537,-9.9248,5.0059,3.4524,0.052324,-1.1449,-3.5717,0.39774,0.16536,-6.4307,2.9559,-27.702,-14.446,0.061008,-3.3409,0.64484,-1.3531,0.11559,1.9641,7.6387,-0.61265,9.6006,-3.3689,2.9396,-0.30852,1.5938,0.82572,0.80096,0.33295,-16.105,-0.8972,6.3299,-0.39183,0.041333,2.3853,-10.761,5.5355,-2.6615,-6.8362,0.79691,-10.241,1.1721,2.181,-0.1687,3.096,-3.3517,-0.094135,8.2007,2.3956,-8.6919,-0.069712,0.82926,1.3457,0.52211,-5.9563,4.3223,-16.914,-0.039673,-0.7984,-0.32038,-1.0072,23.311,1.1143,-2.0322,4.4819,0.16232,4.0429,-8.8957,-0.93726,-0.1125,0.99194,4.1086,-1.4787,1.6323,-0.57286,-2.4864,1.1733,2.0697,1.3794,2.0347,4.5268,0.71703,-19.608,-0.28095,1.7382,-2.4005,9.0841,-1.023,-0.83667,0.65647,3.4823,0.66043,-1.5464,4.4945,9.3139,2.8321,0.65744,0.51866,14.924,-0.08937,-14.572,-3.5563,-11.425,0.65948,-11.556,-9.9903,1.9143,-11.629,5.2948,0.70395,-1.2057,-20.061,-1.0415,-1.6303,5.3414,-0.66592,2.1402,-0.38091,10.035,1.132,-4.8534,0.24519,15.856,-0.14686,9.5689,5.6649,-0.16018,1.702,-0.48426,-2.5393,0.55044,-0.46016,1.1883,2.7548,3.642,5.1955,-9.5966,-0.0041968,-6.6709,0.087577,2.2,-0.14422,-4.5954,-1.8086,14.291,-1.2115,-1.4702,2.8075,-3.0024,-2.6141,-0.32684,14.447,-1.5004,-2.289,-0.97967,-7.736,1.0771,-3.8173,2.1309,-1.0216,1.0389,-1.8645,-8.5053,-1.1942,-15.009,0.54273,-0.96511,1.0281,0.062778,6.4825,0.47721,5.5026,-0.70965,3.0437,3.3747,4.337,12.877,-5.4736,0.029149,-6.8817,1.1622,-0.27904,-10.756,8.819,8.4366,4.8807,-3.1894,-0.87633,0.3825,0.52698,2.5729,4.4269,-6.9541,1.4468,3.5267,-6.2097,-16.104,2.3712,5.2616,-4.8845,-0.2371,0.4878,-9.3312,-1.5657,-4.5335,9.3931,-2.7779,-1.9935,-0.42141,1.3958,0.15003,-1.6958,0.15927,7.7394,1.8494,0.17976,-1.6523,2.5243,6.3069,20.99,5.703,3.8694,5.4273,18.243,-0.14372,-2.6559,15.509,-4.5512,-3.4629,-4.0799,1.0214,12.922,4.5397,-8.5427,1.4179,1.6463,-0.35977,1.917,0.3854,-1.4135,-0.58131,2.4921,-5.29,-24.056,-0.13552,2.1696,-3.4667,-4.674,-0.94909,5.2786,0.18849,-13.62,13.328,-6.9649,-11.52,0.42522,1.1078,-0.86965,-1.6349,-0.19732,6.3354,-5.3532,0.65182,-10.434,-0.20335,-1.103,0.049301,-3.0137,7.4783,0.66746,-2.9393,-0.86271,0.31164,4.0923,0.85806,0.11405,2.2455,4.9367,-3.4182,0.21098,-0.49277,1.4762,-2.9566,-1.5524,-0.77642,-1.1608,-0.97992,-9.4828
-0.15904,6.1998,-0.95469,-1.2632,1.5613,0.11015,2.2148,-15.662,-2.9063,-1.6699,2.0384,0.98612,-0.41055,0.14521,3.7409,-2.8146,2.0658,1.1304,-2.1516,-2.3064,0.98356,-1.08,1.0812,3.9397,-3.3177,1.8134,5.4016,0.19963,-7.8469,-0.55506,0.70265,-1.8027,-0.48191,0.12018,0.099609,0.11769,-6.0369,-1.2634,0.36587,-5.0479,20.701,-1.4662,1.3849,1.5219,-8.6976,-0.4255,0.53499,-1.8487,1.439,2.2441,-10.755,0.094413,-1.6441,-0.035074,-0.23724,-1.4181,-9.6616,-0.66248,-0.46182,1.4082,6.2602,-0.8217,2.2487,1.0105,3.5629,0.58739,4.1615,-7.5406,-2.5359,-0.1895,4.3421,1.3519,0.34551,-21.095,0.22694,1.1665,7.8946,-0.76484,-5.4586,0.23439,-5.1952,5.4759,-11.372,-0.43414,-2.0804,1.9045,0.98539,-0.2554,-2.211,-5.6864,-1.4325,-1.9117,0.7824,-1.2509,-0.48851,-2.5363,2.3754,-0.37406,-0.58205,-0.066431,-3.5443,5.9767,3.6046,-12.692,1.8096,5.7934,4.6792,0.56406,15.562,-0.29274,-6.1548,-0.34965,-1.6455,0.79969,1.3664,-0.034517,-2.6369,0.096253,-0.96559,-2.7343,-0.29039,-0.24288,7.6643,1.9233,4.3839,-13.052,5.5457,2.2554,-1.7116,-2.6843,-0.09551,5.9096,-0.50569,1.4249,2.0438,3.6952,4.2433,5.3728,-1.2579,-1.6505,0.54507,-10.091,0.18694,0.052933,2.0613,-13.563,3.2043,-5.4759,-0.89399,1.8008,0.20164,-8.366,18.453,-5.7488,-0.66128,6.3863,10.007,-1.7761,18.332,0.4588,-0.18818,12.212,-4.1867,-0.77818,-0.74886,2.8449,10.316,-0.37741,9.1285,-2.6701,-0.27066,0.85614,-0.30132,5.6638,-7.0236,-0.07061,-3.0011,0.97948,-2.0548,-6.1135,12.189,0.86959,1.3182,5.8604,-1.68,-5.7391,0.030203,12.278,-7.1248,1.2665,-11.308,23.73,17.036,-0.97332,-1.9656,6.7622,-1.6184,1.9614,3.7007,28.423,0.67394,-5.3642,4.5968,1.2157,0.11869,-2.0747,-0.59417,-1.3101,-16.538,2.5635,9.9513,-3.4933,17.875,-2.0618,-9.9528,-1.4908,-2.4982,-0.53136,0.1085,-1.7835,11.311,-7.5456,3.1715,-4.3332,14.341,-1.7661,4.9624,0.4173,4.0026,-0.0040465,-1.7139,-1.2614,0.35367,0.10575,-0.42771,2.5768,1.1277,0.59568,0.54256,-0.71517,3.1235,-7.2878,-2.8592,12.092,-0.11658,0.89221,-1.6695,-1.7766,0.55167,-0.89648,0.28358,0.73886,-5.3463,4.1941,-2.9652,3.0726,0.11999,2.4607,0.82734,-10.288,7.7978,28.989,-0.65763,2.8304,0.84326,-2.7547,2.8295,4.1859,8.5606,0.82586,-0.068463,0.91107,1.2623,17.95,-0.53382,-5.223,-3.7993,-11.16,-1.0958,2.2598,-0.40273,0.94502,1.1284,-16.506,10.985,0.10666,-4.3453,-0.39494,-17.972,-11.934,-0.77868,12.802,-3.8884,0.14478,-22.683,-0.32868,0.44789,1.2316,-9.9825,0.85146,-0.30101,-0.3699,0.33825,1.0005,-8.9914,-9.4499,-2.8954,-1.0837,-1.6903,-1.6902,4.2175,1.6119,4.7087,0.60535,9.8856,-1.6898,-12.939,15.992,-0.45116,7.122,-9.5268,0.39925,0.77375,-1.8131,-0.63946,-2.6074,11.456,-1.9137,1.3917,-0.034725,1.418,2.0951,16.304,-6.4165,3.557,0.34152,0.22026,-21.684,3.5608,2.6086,-0.38989,0.54071,-0.45992,0.70244,0.89329,-11.185,-4.0604,-29.532,7.0664,-0.049325,-3.0312,0.99876,1.7643,0.21564,5.0013,-1.8566,1.1343,-0.39421,-0.33918,-21.447,-21.853,-3.7218,0.95877,8.2365,2.7125,-0.46563,1.0791,0.83088,-7.7565,-11.15,0.01292,1.855,0.049057,4.1698,-3.0001,-2.1277,1.3917,-3.3118,-2.1967,-0.56862,-0.039158,-10.611,0.76312,-0.61467,0.15708,4.8176,5.8396,5.9436,2.5463,-9.8646,1.318,12.232,-0.33462,0.57949,4.7003,-2.0811,-4.2335,-3.2714,1.0573,-0.10253,1.239,0.5644,-1.0686,-3.1987,2.0933,-0.96202,-1.3146,5.7564,-22.822,-1.5088,-0.51986,1.5514,1.6051,0.65354,22.578,-1.0077,10.57,5.9927,-3.8321,-3.777,0.2114,0.90851,1.1681,-0.8325,0.87689,-8.4825,-6.2284,-2.1102,-2.0698,0.73184,-2.8952,11.25,-0.40886,3.6724,-25.971,-7.0195,0.030863,-0.8554,0.63558,11.196,4.1097,3.7548,1.4209,1.2625,-0.9523,-4.4623,0.49754,2.172,-1.1405,-0.18119,0.38143,-2.097,-0.094714,-12.758,5.5341,-3.9003,0.59896,-3.532,-18.72,-3.0379,-23.298,-2.9328,-0.34215,-1.1432,-6.8793,7.1313,10.132,0.21389,3.221,0.98202,-1.4432,-1.1241,-3.4648,0.62269,3.2879,-2.6038,0.4111,0.39657,1.3031,6.059,3.8231,0.70687,3.2823,-0.55165,-0.17481,2.2107,-0.093145,-31.697,-15.332,0.91632,21.054,1.0774,-17.408,-0.063107,2.9236,-0.16497,0.098849,-3.1438,0.33998,12.408
0.019162,-1.9131,-0.26145,-2.0118,0.55371,-0.55833,-8.3132,-6.673,-1.5822,-2.1147,4.6694,0.9327,-2.8359,0.5224,-10.963,1.0007,-0.07339,-11.464,-0.67911,-0.33471,-0.46334,7.973,0.49627,-5.4684,0.54421,1.1773,0.63109,2.309,-1.3786,0.52485,1.055,15.312,0.68958,-0.46959,2.3425,1.175,-7.5257,-0.32761,0.13233,1.1493,-1.4304,1.9201,-3.5757,-3.2461,-1.9713,1.4142,-0.14841,-0.19294,2.5914,-11.568,-1.7633,0.55517,1.2045,-1.423,0.82212,-1.8136,-1.6139,0.023925,-0.72769,-0.13461,-3.1315,-1.3717,1.3783,-0.49954,1.5864,4.3393,-1.3564,2.1801,-1.3294,-0.070938,-12.007,-2.2954,-1.6351,-8.6187,-0.53581,0.69438,-0.81474,-1.4242,-0.87809,3.8291,-15.688,-2.7673,-7.479,0.67628,10.344,0.035245,-0.60543,0.058848,-2.1174,-1.5939,-2.0918,-2.4251,-0.13467,-2.1022,-0.51924,0.68148,3.9355,-0.50125,-1.7053,0.002507,-1.0857,4.0287,-5.6491,-7.3815,0.64305,-5.8165,-3.4515,5.6153,-2.0821,-1.0652,0.8239,1.0365,9.7317,3.0482,-0.90445,-2.62,2.9047,-0.33203,0.044881,-2.0071,-0.28898,0.57342,-2.2434,-0.74922,2.2758,-11.79,-6.0675,-2.244,1.6153,-3.637,0.83629,4.1809,-0.24617,1.2575,-1.5114,-2.0641,8.1243,5.5145,-0.0059505,0.54599,-0.062249,-1.5855,-0.63091,0.27349,-4.2263,-4.142,-0.26049,1.9378,0.49432,-1.4519,-0.50504,-1.8839,10.371,6.8783,0.48077,0.77854,-0.75487,-0.50192,5.4225,2.814,-0.62325,-3.0567,1.4482,1.1087,0.38828,2.4193,8.2328,1.9849,3.6079,-1.9239,2.8591,-1.2683,0.25852,4.5245,1.8703,-1.0119,0.056831,0.065716,1.1238,-4.2953,-2.0734,2.3172,2.6148,-1.9809,-3.2389,3.6058,-0.26872,-11.26,1.9497,-0.67306,-5.8263,2.211,5.88,-2.6898,1.4378,3.1323,3.1127,0.67927,6.6612,3.9175,0.38199,-0.50286,-10.16,-0.31522,-2.0991,7.8594,-0.17229,-3.6113,7.2381,6.8572,-0.27043,-0.20566,-1.7274,3.8607,-0.38288,2.2384,-1.4448,-0.13004,-2.9347,-0.78531,-8.0821,-4.3499,3.1085,-5.0754,-15.026,-2.7258,0.30107,1.083,-5.0265,-1.5604,1.0604,8.7212,0.62439,8.8841,-0.50073,1.0986,0.26358,1.9046,-0.12339,0.32391,4.087,-3.5204,-3.4958,-4.6765,1.0694,-0.70959,1.483,6.8991,-3.0458,0.42876,-7.7136,-0.46496,6.7176,0.77253,-0.67715,6.9671,-0.71435,-1.5712,2.7564,-1.0795,-1.8207,9.5075,1.0047,-0.66433,2.0216,-3.1945,0.28662,-0.95566,-15.422,0.32604,0.52202,4.3024,0.1817,10.027,0.043382,-3.3801,2.8004,2.8283,0.67717,-13.034,0.026974,1.2473,-1.4202,-3.4998,0.42859,1.2599,4.5859,1.9144,-2.7091,4.2463,1.7281,0.38072,1.8669,-1.7658,-7.8828,0.83403,-2.896,3.0466,0.25343,1.1846,1.6439,0.57292,2.4892,-2.8353,-0.13475,-0.14787,11.628,-2.5866,-0.76344,-0.1899,2.3961,-1.3211,-15.801,3.2806,4.0508,-1.7912,-4.023,-0.41488,-0.66913,-4.6994,-3.0487,-0.87706,2.056,-1.9525,-2.1596,1.5577,0.88871,-3.2077,3.3274,0.11632,-3.4649,0.5439,1.0099,4.9613,0.51902,-1.078,-6.233,-2.3309,-1.3604,-2.2486,0.18595,2.2138,-1.6178,3.1532,-0.19526,0.86263,-6.6636,-6.0552,-7.2894,-0.24949,4.6449,0.35321,-0.46514,0.14508,-5.0318,0.96154,-1.9395,-3.406,1.4131,-6.7986,6.6126,-5.6136,-0.78545,-7.9432,0.79496,2.6736,0.67752,-1.9773,1.3117,-22.448,-0.60102,-0.91625,-0.3676,-3.0228,5.3572,-2.1286,-14.396,-0.93099,-0.70353,-0.0028697,-0.21776,-3.6597,1.9912,0.045954,0.86542,-2.2608,-6.2786,-0.31347,28.99,6.351,0.26377,9.0529,-0.32947,-0.084112,4.9215,11.127,9.8002,4.0999,-2.0544,-1.0911,-0.26384,-1.1771,0.76471,0.29567,-10.668,0.095099,2.1339,-6.6107,0.076485,-1.0663,1.2244,-8.4799,-1.2956,0.50527,1.3265,1.0106,1.034,-8.0731,-1.8331,-1.4438,0.71807,2.5814,-0.096698,1.3755,-0.71993,1.016,-0.55854,-0.82872,1.1404,-2.4587,-1.8774,-0.091902,-3.5436,0.88085,-5.7957,11.473,1.277,-0.45133,-1.4437,-0.61314,-0.49431,1.8143,-0.292,-6.6522,3.8377,2.3818,-0.95317,-0.43088,-0.78374,0.073175,-0.63881,1.5561,-1.1247,2.3319,-3.6385,-6.9078,0.14482,3.2398,4.1898,-2.0319,6.1318,6.6955,-0.34769,2.6333,-3.1212,-7.9419,19.681,-1.3745,0.715,-0.73238,0.52476,1.1323,0.54911,3.5969,4.5187,4.572,-1.2873,0.60205,0.59984,6.1412e-05,-0.60372,-1.8603,-7.5439,1.7346,0.4898,6.5312,0.32439,-12.661,-1.6521,0.10658,7.211,0.55977,0.35438,0.5986,-2.4767,-0.0056489,-0.35746,4.0818,-0.57583,-1.1567
-0.59783,7.415,0.3666,-2.0538,0.92369,-0.98105,-2.9593,-3.9872,2.9673,0.26716,-4.0503,-2.732,2.2109,0.57282,-6.5384,1.4514,-2.5023,-2.8433,2.1019,0.73531,-0.0075185,1.4856,-0.52196,2.4718,4.7131,-3.8792,6.7715,2.6985,-0.11227,-0.82089,0.1266,7.5996,-0.87236,-0.81646,0.8956,-0.22336,-0.11265,1.1848,-0.33068,3.2259,-21.522,-1.183,2.7082,2.3258,5.5754,2.4826,-2.6317,2.3392,1.3963,-2.7805,-0.62006,3.9729,1.0036,0.90781,1.2077,-0.59791,-0.87803,5.1162,0.72398,5.0393,-5.6204,2.9444,-0.13012,3.1394,2.3425,7.0438,1.809,2.2167,3.2981,-1.0754,-8.1114,-6.8996,-0.39926,-3.566,-0.66983,-0.44486,4.6331,1.2822,2.3371,-2.5212,-14.595,6.3797,1.9616,-0.21812,1.4029,-2.4789,-0.4527,0.62137,0.59258,-3.4262,-1.513,4.1275,-1.5079,1.4751,-0.28216,-0.49806,-2.412,-0.9113,1.3594,-2.2933,-3.6187,-4.4185,-1.3944,-2.257,4.844,3.8492,-7.0751,-5.8423,-1.767,0.10874,-4.8572,0.093982,8.1093,-3.9663,1.2624,-3.3188,2.6002,1.9548,1.3496,-2.1867,0.69845,-2.1759,-2.2575,7.7239,2.372,-9.0326,-5.9807,-0.71635,2.8118,0.81539,0.29736,-8.6703,0.69858,-2.3546,1.3742,-0.53341,4.8179,3.1141,0.14968,2.8045,-0.62007,6.9013,-0.017008,-1.4552,-6.368,-2.4682,-6.987,1.5709,0.17144,1.5659,1.1878,-4.7852,2.167,12.994,0.97164,-0.71962,-15.669,-0.13886,5.2686,0.82726,-1.1427,-0.16352,5.7955,-1.7503,-1.061,-0.19711,4.4096,-2.7356,4.8089,0.90481,-5.5262,-2.1022,0.033626,-2.2509,6.4963,-0.048946,-1.7297,0.31534,-1.063,4.6513,0.44759,-1.1964,-1.9163,-6.1224,-3.0973,-3.9731,0.29409,-0.56437,4.1764,0.18911,0.83706,-16.797,-0.065683,0.43734,-5.3269,-0.31003,-2.7974,0.057376,4.3758,3.2386,-1.4796,13,-3.7005,-6.2639,-0.61862,3.7954,-0.94236,2.3657,12.517,3.5091,10.759,10.177,-0.14709,-3.0106,-9.5062,2.7117,0.0018432,-0.049895,-2.2886,1.1977,-7.0945,2.3642,-0.75118,-11.831,-13.292,-3.4386,-1.1037,1.0175,-1.3237,-1.7549,0.45035,6.4346,-0.51934,4.7436,-1.6314,0.82855,0.67197,1.816,-0.74069,-1.9245,3.1565,-6.5073,-1.5224,-5.9603,-1.1702,-0.19211,-0.83863,-6.299,5.1945,1.0377,-5.3774,0.42064,-2.1408,-0.70415,3.0361,-2.8454,1.8189,2.5788,1.6065,11.501,-1.8292,-8.2301,0.72952,2.3135,-1.2136,-1.6637,-3.6569,2.9406,-11.298,0.57351,-2.4921,-1.4499,-2.3191,8.4989,-0.97108,-0.075523,-1.2694,5.7726,2.3816,-7.2542,-3.9376,0.97575,-1.9303,15.294,3.6231,0.94158,-0.43319,1.213,9.3872,8.8811,1.1896,-1.0474,7.2175,-0.83085,1.6822,0.56081,1.0804,-2.7498,8.9106,0.60011,-1.1873,0.42753,5.2237,1.1257,3.3612,12.097,8.209,2.0239,-0.8486,0.45982,8.9202,-1.1542,-5.5439,2.3767,-1.4103,0.66829,-8.0681,-10.625,-0.36523,-3.6058,0.29623,-0.51874,1.1401,-7.8607,1.1412,2.2449,4.3362,-2.1644,0.49262,0.21344,1.3284,0.29969,-12.477,4.9799,3.0247,-0.67856,5.034,11.793,-0.94273,-4.66,0.67778,0.57714,1.069,-1.1984,-1.1188,0.040977,3.6202,-5.5474,-5.8103,-1.3011,-1.0109,1.0951,0.18098,0.97391,-3.2625,1.6511,2.485,-0.60847,0.4184,-1.619,-1.0411,-0.53778,0.16324,-7.0451,-2.6722,0.88474,0.64679,-4.4851,-3.4013,-8.2948,0.71723,2.646,1.8931,-0.46692,-4.8554,-0.7031,-5.9568,3.0252,-1.1479,-1.8175,-0.64966,7.4871,1.6275,5.2559,0.38059,-6.8098,-0.65889,-1.9149,8.5626,4.5185,-0.17479,-0.20819,-0.77543,-1.2441,-0.53736,6.2973,3.6549,11.628,3.2375,0.60405,-1.8244,0.22568,-0.21406,-4.3744,-5.986,-0.94476,1.7848,-3.9506,0.052219,-0.97829,0.34239,-5.3614,-1.2869,0.61868,-1.7736,1.728,-10.632,0.19075,2.0221,-1.0201,-0.2988,-1.4944,-0.39255,0.47194,-0.14667,3.8161,3.9443,1.0857,4.3512,-2.4709,6.7616,7.3046,2.9599,-4.2905,-2.1869,5.0398,-1.0124,-0.60706,3.8689,-5.4229,1.5967,6.9853,-1.0672,3.7115,4.4605,1.1422,-0.83157,-3.2872,-0.66773,0.32303,-0.44711,0.44985,0.43217,12.562,-8.3934,-6.4646,0.35214,0.49379,4.1649,4.292,2.6302,-0.60495,-0.66286,-11.714,9.765,2.0763,6.889,-0.62599,0.53269,1.3456,-0.63932,0.34546,3.0515,-2.5629,1.7526,1.4574,0.019706,1.0168,-0.97218,-6.5448,7.3941,0.56866,2.1128,0.39808,0.064364,2.5814,1.4685,-2.5686,16.431,-0.16666,4.7263,-0.33341,-1.9975,-0.95304,0.23792,-1.177,0.89489,-3.1724,-0.73697,-13.607
-1.3649,1.8791,0.85081,-3.1032,-0.15684,-1.3626,9.8407,-16.894,3.0423,-0.41852,2.8047,-1.5511,9.5584,-0.23549,25.376,-0.34233,-0.4528,15.722,1.0416,-0.39055,-0.46894,-13.701,-0.47289,-1.9502,-2.9623,2.4256,6.3314,0.74372,9.9207,0.61621,-0.071355,-18.447,-1.0081,0.44193,-2.581,-0.36253,5.0933,-1.4805,-0.054545,-0.4592,2.4524,0.10114,-2.5686,-0.94674,-4.5875,1.0115,-1.0769,2.2429,0.01772,20.26,-5.8679,1.6955,0.59278,0.85051,0.39807,1.676,-13.006,1.6009,-1.2504,-2.8961,-21.348,-0.90503,-1.1267,-1.665,-1.1705,-13.891,0.71499,-8.2504,-2.7407,1.1402,17.875,8.3148,0.60865,-19.376,-0.43635,-0.50822,1.8052,-0.55931,6.1389,0.26546,24.835,8.3693,-2.9115,-1.1797,-21.141,-1.2387,0.41741,-0.64662,2.7454,2.8746,0.85639,-6.549,-0.41931,10.888,-0.568,-1.4644,-0.1686,0.12881,0.032697,1.0821,0.19977,-5.285,15.964,-2.9691,-7.6815,1.112,7.8322,-4.05,-14.417,0.9892,18.616,-0.61327,-17.846,1.4365,-1.1124,-0.65073,-10.317,0.2522,0.015744,-1.4067,-0.29159,-0.37278,-6.9552,3.9468,-2.3423,-3.2821,9.0734,1.8661,-6.4146,3.0747,0.70587,-11.022,1.883,-1.683,-0.28036,-0.18811,5.9365,-7.3315,0.31119,1.4325,-0.65144,-2.8806,0.36558,0.62078,-6.3513,-11.739,-3.4779,-11.143,0.11028,-2.3364,-0.52299,12.528,21.369,-16.584,-1.6933,8.6399,2.8572,0.7064,11.727,0.13029,-19.349,-5.9981,-3.918,1.4671,0.9032,1.541,20.925,-1.7852,-2.6571,1.7225,0.45963,-2.0112,-0.38036,3.3897,9.7691,-1.3457,-0.90632,1.728,1.115,-8.0198,19.669,-0.063054,0.97634,1.3195,0.54041,21.575,0.96558,-3.6699,-12.966,-0.65464,-7.1469,0.78095,0.53393,-0.73854,6.5786,-1.7855,-1.0139,0.50709,-4.1857,-2.8504,-0.6096,-1.4255,19.63,1.7058,1.0048,-11.919,1.8852,3.782,-5.4346,6.3554,-0.0080909,-11.198,-14.396,-0.76068,-8.5513,-3.7618,-2.1908,-0.44089,0.13416,-0.25459,-11.42,7.2967,-2.9142,3.7444,16.504,-3.9399,3.1011,-0.13215,-5.192,0.59942,-2.1099,-13.003,-0.93747,-14.456,-0.15398,-2.1914,1.82,-5.9747,1.5494,-2.3458,5.9441,3.2561,1.143,-32.389,0.35679,-0.038795,1.0033,-4.7555,-0.35855,1.8033,10.019,-0.40904,-12.57,-3.9843,1.9288,6.3457,1.2417,-1.5699,0.15754,3.0221,7.6047,7.2363,-0.70701,3.766,-1.0565,-1.9381,-0.38514,1.4074,28.991,-0.35567,0.95728,-2.961,1.1473,6.1533,-0.60051,-2.6794,4.138,16.109,-4.4712,17.366,3.1254,0.62336,0.015918,-3.8532,-9.1888,0.11688,15.873,-1.1463,1.4126,2.9832,-0.05423,-11.161,-2.3668,0.99407,11.175,-1.6321,0.47321,4.8741,-5.0857,0.40835,-0.35044,-0.12651,-1.6048,1.0749,10.47,0.0026217,-18.152,0.36087,0.56347,0.13215,-6.1459,0.96958,17.01,-4.9699,7.3325,-0.84808,-6.2234,4.6308,-2.6861,16.062,-6.3226,1.7189,-0.92101,-7.1802,0.91349,-0.057586,5.3444,1.2732,-1.1139,-0.036834,12.324,0.36758,1.2871,-2.9648,-0.41869,0.18514,3.6573,-1.9937,3.2781,9.4692,0.50553,-0.35582,0.016836,-1.5916,-0.54929,-2.2078,-7.1525,-9.9411,20.493,-0.44853,-2.7759,-0.92798,-0.29102,1.6007,6.154,-2.4343,0.65013,0.95141,-5.6598,-9.9244,27.137,0.26304,-0.34342,1.8834,-0.68412,-0.49157,0.51232,-4.5947,11.492,23.218,0.73732,-1.9308,-0.42726,-7.0939,-2.9211,0.2658,22.232,4.8463,0.39581,1.2832,-1.1633,-2.3969,1.1014,-13.011,-0.42131,11.676,8.9902,3.0511,-26.698,3.5291,-0.68723,6.2239,1.658,-0.47425,12.714,-18.317,-18.889,-8.2219,-1.6218,-0.56876,0.40223,-1.3766,0.87648,-2.9152,11.27,0.088911,-4.0326,7.8939,4.0185,-2.7541,-6.3089,12.566,-0.93746,-0.041147,20.051,-1.8094,4.2466,9.5181,5.9246,0.06387,-0.27024,-1.9753,-1.0832,-1.3103,-0.72756,1.8916,-2.7061,-2.8374,1.0931,-1.7723,-0.83316,-2.9216,1.4748,-2.0971,-13.526,-25.26,-0.11213,-2.6873,5.0302,-4.1218,-14.975,-1.6744,0.24988,6.3883,-7.8449,-10.513,-0.35332,0.65775,-0.562,1.2166,0.38544,2.6647,2.0682,-1.824,7.9931,4.1892,0.75971,-4.9654,14.665,4.2704,20.431,-12.955,-1.2569,-3.1784,7.3265,14.99,45.007,-0.10223,-1.3102,-1.9163,0.97263,-1.5427,-1.8322,1.565,-4.7936,-7.3334,0.4904,-0.27487,-0.29526,2.6578,-23.094,0.18039,2.8643,-1.6283,-0.10335,-17.732,0.30635,-16.058,1.8468,0.86805,21.596,-0.94977,-6.2725,0.057624,-17.776,1.8194,0.14778,-1.5699,-1.3579,1.6696
0.28157,-11.831,-2.2047,-1.2523,-0.48134,-1.8121,4.0596,-16.938,-0.37208,0.98171,2.0279,2.6413,-6.6753,0.6421,14.859,-1.037,1.6836,8.3589,2.6392,-1.0065,0.79173,-4.6952,1.2789,6.5991,-1.8164,-1.0501,0.61013,1.2339,-9.5678,1.054,0.79772,-11.573,0.6413,0.073813,-0.46091,-2.1155,7.1844,-0.30551,0.072055,2.694,-2.4925,0.79149,2.1457,3.1115,-2.0581,2.0197,0.29145,-0.14616,-1.2995,9.795,-10.705,-2.9956,0.79355,-2.4199,-1.3377,3.2403,-7.737,-12.595,1.6543,-4.3889,20.224,-2.3343,-2.5082,-0.14468,-10.044,-3.8413,-2.4567,0.38846,-0.77666,-0.96155,10.261,6.1619,0.18565,-22.882,0.12401,0.4131,-3.9889,-1.3313,0.53024,2.0346,19.341,1.0099,-7.6886,0.38901,-3.2427,-0.57509,-0.15196,-0.082567,2.7547,5.3847,0.8985,4.7157,0.047399,-2.2936,0.18851,-3.6762,-5.168,0.4992,-0.12113,0.95333,2.4677,-6.4537,7.0644,-10.362,-7.4394,2.8783,1.9944,2.2915,17.885,-1.3458,-7.2966,-2.0261,-9.0532,1.2161,-0.82094,-0.22057,-5.5803,0.82947,-1.8812,-0.22997,-0.82925,1.1239,10.591,-18.198,-7.1991,-11.18,4.2592,2.1865,-6.7881,3.7858,0.07551,-5.2321,0.14316,3.0612,1.6268,2.2386,0.069614,-4.7461,0.92401,-1.6029,0.17634,-0.73652,-0.07849,-0.33205,11.587,-9.9107,3.5684,-7.1514,-0.38325,2.6593,-0.33481,-9.0433,22.018,-14.899,0.47936,4.1381,-3.0231,-0.74049,14.922,-1.7571,10.5,12.219,-1.5699,-0.94565,0.6408,-0.65022,3.7564,3.0623,-9.8072,-0.7704,-3.0871,0.13787,-1.2634,12.255,-14.643,1.0883,-0.38871,0.82892,-1.7946,-5.3272,2.5913,-0.08631,1.233,-3.0933,2.9887,-15.697,1.3696,22.414,-0.83726,0.44667,-0.74931,-13.759,-17.127,0.49838,-9.4051,1.8908,-0.31445,-1.1421,-7.8858,28.109,0.49815,-10.206,9.7842,7.1922,0.69967,-3.8119,0.48551,-0.13018,-0.90951,4.5921,-16.924,5.8521,23.67,1.2376,-11.237,-2.6144,2.0263,0.10022,0.42957,-0.21108,9.0596,8.0921,-2.5454,11.542,5.4245,-1.0494,-2.7614,-1.5125,3.7686,-0.032332,0.016896,-8.5784,0.30287,-7.436,2.5317,-1.9442,0.23193,-3.819,-0.76941,0.079246,3.2006,12.11,-0.084859,20.782,-1.6431,0.63778,-1.4074,3.4966,-2.113,0.042849,9.8195,0.10963,3.6652,-0.91997,0.25174,6.9494,-1.9825,2.7893,-0.44226,2.2083,-2.3077,12.532,-0.23444,-1.2328,-0.89441,0.71083,1.2305,-3.236,12.535,-0.36334,1.0197,-2.1989,0.33463,-7.9015,0.016163,-1.239,-3.2539,-3.1799,-0.70145,7.3907,2.7225,0.77818,1.5734,3.3192,4.8682,-0.47023,-12.264,-0.86122,5.7452,-4.7449,5.4548,11.111,-2.839,2.0853,9.0636,-0.66139,-1.6249,2.7938,0.24602,-0.88382,1.1427,-0.13785,-6.0119,-2.229,-17.753,2.0078,-7.4892,-2.5734,0.53423,-0.065167,-10.237,-1.8956,10.777,-0.17835,13.737,-0.78891,-5.5419,-1.9942,-2.5888,6.5318,-8.4117,-1.0419,-1.9417,5.2448,2.4333,-1.2292,2.3922,1.4154,-2.1495,0.51357,-7.3665,-1.3227,-1.3257,5.395,-4.9905,-1.6308,-3.9395,2.2991,-2.2606,-5.8332,1.1516,-1.47,0.72929,0.20823,-1.6234,-7.6788,-5.5678,-26.909,10.146,-0.40631,-0.11795,0.22826,-1.5816,1.2249,1.5955,-2.0437,-4.8192,4.1788,-1.9782,-12.787,-31.504,-6.3684,-0.58873,7.5745,1.054,-2.8386,-0.08885,9.3077,-15.349,0.34147,-0.31301,2.278,-0.12565,2.257,3.7199,0.88533,10.484,0.34929,0.20435,3.4254,-1.024,-0.47244,0.40702,-2.4042,-0.60401,3.1084,-2.242,1.8745,-8.1642,-12.704,0.059521,14.51,0.17537,1.0212,19.969,-4.2399,-9.4354,6.2124,3.0539,-0.63016,1.0935,0.92569,-2.4178,-7.8837,4.5908,0.49212,-1.3555,0.076244,-10.989,2.902,0.038888,7.2067,-0.59316,0.51424,21.35,-0.97455,-3.236,-3.0006,-2.3484,2.0468,-0.72125,1.5451,-0.86577,0.37624,-0.25665,-2.5422,-2.228,-0.53439,-2.2688,0.7994,-2.5152,-11.532,0.45568,-0.57268,-29.599,-14.982,1.004,-1.0558,-4.8408,-1.1692,13.634,-2.7436,1.5793,-4.9284,-2.1745,3.2346,-0.15455,1.3676,1.3133,-1.1171,-0.16259,1.8116,1.2203,1.7285,-0.62584,12.888,0.60729,1.4928,-27.186,5.1233,-20.973,-6.5095,1.1236,3.8655,-0.23759,9.4762,-0.87164,-0.38558,-0.96421,-2.8345,1.1073,2.8226,-0.98774,3.1632,4.5674,-0.87016,-0.73124,-1.7417,-0.99358,-2.3393,21.733,0.95702,-3.2782,4.8383,0.13147,-4.6702,-0.40643,-13.313,4.7206,-2.658,18.817,-1.5289,-10.391,-1.1774,12.569,1.5788,0.31093,1.6071,0.2559,0.80969
0.083742,2.5074,-3.5458,-0.15534,-0.51296,-0.6772,-2.8298,24.204,0.11279,-0.16402,-4.4066,-2.512,-1.7682,-1.2432,-15.411,-0.032879,0.78715,-11.331,2.7238,-0.80259,-0.063555,8.4851,-0.054281,-2.8351,3.3155,-2.1271,-7.4284,-0.22562,2.1294,-0.61968,0.44626,9.7741,2.5989,0.77254,3.0818,1.2087,-2.4082,1.0884,-0.076587,0.88339,-13.252,0.52499,-2.7547,-1.6605,5.4894,0.0097777,-0.60654,-1.3808,-1.1654,-11.435,11.961,-1.5576,-0.87027,-0.17103,0.17308,-0.98025,12.817,-0.8792,-0.77785,5.8527,2.7578,2.1507,-1.6776,-0.38424,2.33,6.6761,-4.3259,8.5779,2.9251,0.20055,-7.8129,-6.8843,-2.0078,28.604,0.57129,-0.26774,-5.6078,0.8962,-0.79338,-2.2694,-12.66,-8.3594,10.241,-1.2112,12.587,3.1418,-1.3674,-0.048392,1.5801,6.0374,0.99218,1.4246,-1.0218,2.067,1.131,2.8119,-0.94504,0.88219,0.46114,-0.33134,-0.8469,-3.0924,-10.163,11.844,3.946,-4.8014,-4.2446,1.9536,0.22241,-0.86006,-1.1632,0.26506,13.494,-0.17371,1.9702,0.34376,9.9893,-0.060032,-0.24848,1.0924,0.1172,-0.65192,-4.3458,1.7927,1.2133,15.852,-6.5901,-0.81265,1.0954,2.1429,-0.4325,2.1186,-0.68926,-0.057805,-1.5187,-3.0104,-2.6982,6.4364,0.8119,2.3727,-0.35439,5.6854,0.19068,0.26959,-0.2895,18.51,1.2058,7.9486,-0.19477,0.87256,-2.6927,0.29407,-29.025,11.555,-0.23159,-2.9901,-1.8337,-0.32268,-24.536,-3.3488,8.1817,-3.2892,4.4079,0.36437,1.3536,-0.54929,-18.796,-2.3204,-2.4484,-0.42586,0.55833,-1.1487,-0.81251,-6.7538,4.1826,-1.4142,0.48997,-1.0548,1.1521,10.039,-16.135,1.9794,-1.5351,-4.5304,3.6838,-3.518,-1.0262,-6.0677,8.1383,-0.40454,8.8221,-12.424,-2.912,0.88729,2.3914,-3.1676,-2.0742,-1.3744,3.3643,-20.401,-0.46813,4.6478,-13.957,-6.5556,-2.3944,6.1846,-0.099601,-1.852,12.043,-4.8899,1.3815,2.2588,-6.3788,1.4824,18.869,3.31,1.2778,0.70478,-1.6681,0.9772,-4.8898,0.19408,2.3138,-0.56224,-17.405,-0.20476,-3.1289,-0.71835,1.0226,0.27087,1.129,7.4892,0.41503,8.33,-2.0735,-2.2684,0.453,1.3092,1.011,-0.34082,-0.12516,1.141,-0.60974,9.9762,-0.091571,1.0513,1.2086,2.1146,4.2518,-0.82923,-5.3567,-0.1259,9.2767,-3.2665,5.8082,-8.7386,0.36417,-3.3524,0.43322,12.358,-7.2741,-25.718,1.3724,-0.28191,0.94761,-0.6725,-0.48675,-3.1976,-18.633,1.0473,-2.8702,1.4218,-1.7169,-11.144,0.9701,1.9542,3.0009,3.0524,2.2939,-6.8049,-1.1265,1.4805,1.3247,6.3169,-1.5795,-2.9782,-0.50026,1.9879,7.1352,8.7442,4.5201,0.7567,5.0841,1.9125,2.7579,0.2843,0.9307,-1.6168,6.1922,-1.5919,2.0783,-0.35697,1.2726,-0.31472,0.26026,6.9465,9.1421,2.8834,1.0742,0.10848,3.38,-1.6178,-12.236,1.752,-12.222,-0.82625,15.682,-10.116,-0.45696,-9.1607,8.381,-0.055141,-2.608,-2.5413,-0.61861,1.3273,-9.2571,-0.4601,-1.6281,-0.88875,-3.1088,-1.122,-6.9049,4.857,-0.64678,0.99675,-0.67509,9.7904,-1.5323,-3.1447,0.096173,-1.6391,0.61931,0.15942,-0.96941,9.4978,5.139,33.036,-18.617,-0.48674,0.094377,0.55702,-1.1232,-0.045701,-6.7438,0.098949,-1.8095,-1.9101,-0.079382,25.758,7.2964,-3.6766,0.38537,-0.88099,2.537,-0.898,0.35906,-0.77055,12.694,-1.5323,2.5793,1.0932,0.40599,-1.0069,3.792,-3.3092,-13.378,4.5741,-1.7273,-0.37434,-0.20503,4.4881,-0.3623,-0.41437,-0.47989,-9.5126,-5.2408,3.5903,7.9359,0.48663,1.1722,-11.437,1.246,1.3898,-16.288,5.3161,10.668,4.4413,-1.6546,0.63063,-0.7531,-0.80797,2.0933,0.89747,-4.6423,-0.30043,1.4609,-4.3644,11.917,1.6752,5.3368,-7.0248,0.97427,0.039243,-25.871,-2.287,-8.1618,-6.0414,0.61169,2.8418,-0.52293,-0.89089,1.2913,-0.17606,-1.4171,8.0767,4.1076,0.9198,3.1535,2.4021,3.0927,0.0084335,0.28948,2.8293,32.578,14.538,0.79913,3.5211,-2.6809,-8.6076,-2.9956,-3.2043,-1.2952,3.9847,3.7978,7.9391,0.035979,-0.14017,0.84272,2.4933,0.046569,-1.0174,2.421,9.487,-6.7126,-1.8679,0.21574,2.7536,6.3641,-1.1747,10.634,7.3002,-1.5584,-0.62039,3.945,-11.794,-33.989,-0.078877,1.2996,4.6264,0.16446,0.50418,2.4914,-1.0052,2.11,5.5745,0.57011,-0.69441,0.1596,-6.5493,7.535,0.43232,-2.3251,1.5207,-1.2832,4.8082,0.034491,32.088,9.8869,-4.1098,-25.75,0.19525,15.72,-0.58978,2.3268,0.96546,0.5528,-1.5514,-0.28153,-8.1861
